Region,Reach,Impressions,"Post engagements","Messaging conversations started","Clicks (all)",Currency,"Cost per post engagement","Cost per messaging conversation started","CTR (all)","Amount spent (THB)","Reporting starts","Reporting ends"
Bangkok,881640,1462756,25687,,37300,THB,1.34131244,,2.54998099,34454.29269366,2026-07-01,2026-07-31
"Chon Buri",40609,66241,743,,1104,THB,1.70473086,,1.66664151,1266.61502653,2026-07-01,2026-07-31
"Nakhon Ratchasima",38626,62226,423,,613,THB,2.2574674,,0.98511876,954.90871141,2026-07-01,2026-07-31
Songkhla,18406,30785,247,,368,THB,2.44535571,,1.19538736,604.00285969,2026-07-01,2026-07-31
Rayong,21153,34366,316,,472,THB,1.82086455,,1.3734505,575.39319791,2026-07-01,2026-07-31
Nonthaburi,11155,18190,405,,563,THB,1.41084752,,3.0951072,571.39324519,2026-07-01,2026-07-31
"Chiang Mai",22053,34372,314,,439,THB,1.68599918,,1.27720237,529.40374158,2026-07-01,2026-07-31
"Pathum Thani",13846,22928,408,,608,THB,1.24780388,,2.65177948,509.10398155,2026-07-01,2026-07-31
"Khon Kaen",20517,32677,281,,411,THB,1.80859072,,1.2577654,508.21399208,2026-07-01,2026-07-31
"Surat Thani",17711,27255,223,,319,THB,2.13266537,,1.17042744,475.58437781,2026-07-01,2026-07-31
"Samut Prakan",11332,18979,318,,467,THB,1.43347362,,2.46061436,455.84461117,2026-07-01,2026-07-31
"Udon Thani",16842,27756,281,,425,THB,1.58546168,,1.53120046,445.51473328,2026-07-01,2026-07-31
"Ubon Ratchathani",23205,36335,172,,242,THB,2.43677352,,0.66602449,419.12504525,2026-07-01,2026-07-31
"Nakhon Si Thammarat",18824,29660,160,,244,THB,2.36347206,,0.82265678,378.15552958,2026-07-01,2026-07-31
"Chiang Rai",13973,22548,174,,258,THB,1.94894248,,1.14422565,339.11599109,2026-07-01,2026-07-31
Buriram,17467,27983,125,,182,THB,2.60212924,,0.65039488,325.26615482,2026-07-01,2026-07-31
Ayutthaya,14705,23488,173,,259,THB,1.81032542,,1.10269074,313.18629762,2026-07-01,2026-07-31
Saraburi,12872,21504,184,,270,THB,1.67954536,,1.25558036,309.03634668,2026-07-01,2026-07-31
"Roi Et",13115,21214,108,,161,THB,2.73959724,,0.75893278,295.87650225,2026-07-01,2026-07-31
Surin,15532,25541,102,,159,THB,2.84731928,,0.62252848,290.42656668,2026-07-01,2026-07-31
"Nakhon Pathom",10992,16868,165,,260,THB,1.74779752,,1.54138013,288.3865908,2026-07-01,2026-07-31
Phuket,11638,17177,196,,282,THB,1.46365617,,1.64173022,286.87660865,2026-07-01,2026-07-31
"Sakon Nakhon",13627,20893,117,,184,THB,2.43783443,,0.88067774,285.22662815,2026-07-01,2026-07-31
Chachoengsao,11622,17880,145,,224,THB,1.95211485,,1.25279642,283.05665381,2026-07-01,2026-07-31
Phitsanulok,11531,17941,152,,212,THB,1.86050432,,1.18165097,282.79665688,2026-07-01,2026-07-31
Kanchanaburi,13425,20514,96,,144,THB,2.85267461,,0.70195964,273.85676256,2026-07-01,2026-07-31
Chaiyaphum,13117,20501,85,,123,THB,3.1693743,,0.59997073,269.39681529,2026-07-01,2026-07-31
"Nakhon Sawan",15000,22828,103,,166,THB,2.46657278,,0.72717715,254.05699663,2026-07-01,2026-07-31
Ratchaburi,12150,18647,123,,183,THB,2.01200874,,0.98139111,247.47707441,2026-07-01,2026-07-31
Chanthaburi,11640,18099,137,,195,THB,1.77494252,,1.07740759,243.16712537,2026-07-01,2026-07-31
Sisaket,14761,22709,82,,119,THB,2.92081913,,0.52402131,239.50716863,2026-07-01,2026-07-31
"Samut Sakhon",9773,14883,100,,162,THB,2.23407359,,1.08849022,223.40735896,2026-07-01,2026-07-31
"Lop Buri",10190,16372,89,,137,THB,2.43547683,,0.83679453,216.75743757,2026-07-01,2026-07-31
"Prachin Buri",11064,17098,127,,176,THB,1.67470461,,1.02936016,212.68748568,2026-07-01,2026-07-31
"Suphan Buri",11145,17621,119,,150,THB,1.78644947,,0.85125702,212.58748687,2026-07-01,2026-07-31
Lampang,8941,14136,94,,133,THB,2.21603763,,0.94086022,208.30753746,2026-07-01,2026-07-31
Chumphon,8880,14240,97,,140,THB,2.11750074,,0.98314607,205.39757186,2026-07-01,2026-07-31
"Maha Sarakham",11445,17623,89,,126,THB,2.16154748,,0.71497475,192.37772578,2026-07-01,2026-07-31
"Sa Kaeo",7488,11828,65,,111,THB,2.68412212,,0.93845113,174.4679375,2026-07-01,2026-07-31
Kalasin,9640,15193,58,,92,THB,2.68772685,,0.60554203,155.88815715,2026-07-01,2026-07-31
Trang,7683,12187,71,,107,THB,2.16011531,,0.87798474,153.36818694,2026-07-01,2026-07-31
Phetchaburi,7400,11393,57,,93,THB,2.68435423,,0.8162907,153.00819119,2026-07-01,2026-07-31
"Prachuap Khiri Khan",8267,12835,59,,92,THB,2.56742728,,0.71679003,151.47820928,2026-07-01,2026-07-31
Phetchabun,10307,16047,42,,63,THB,3.58400525,,0.39259675,150.52822051,2026-07-01,2026-07-31
Krabi,7390,11456,71,,101,THB,2.08589083,,0.88163408,148.09824924,2026-07-01,2026-07-31
Tak,7916,12786,55,,86,THB,2.43269851,,0.67261067,133.79841828,2026-07-01,2026-07-31
"Kamphaeng Phet",8253,12416,50,,72,THB,2.6559686,,0.57989691,132.7984301,2026-07-01,2026-07-31
"Nakhon Phanom",8662,13206,59,,84,THB,2.22827874,,0.63607451,131.46844583,2026-07-01,2026-07-31
"Nong Khai",6932,10958,69,,93,THB,1.87577493,,0.84869502,129.42846994,2026-07-01,2026-07-31
Sukhothai,7788,12270,55,,72,THB,2.31669989,,0.58679707,127.4184937,2026-07-01,2026-07-31
Yasothon,6539,10539,28,,46,THB,4.32744884,,0.43647405,121.16856759,2026-07-01,2026-07-31
Loei,8455,12773,37,,51,THB,3.22590781,,0.39927973,119.35858899,2026-07-01,2026-07-31
Narathiwat,6571,9483,37,,47,THB,2.90645213,,0.49562375,107.53872872,2026-07-01,2026-07-31
Pattani,7120,10235,21,,35,THB,5.06374966,,0.34196385,106.3387429,2026-07-01,2026-07-31
Mukdahan,5183,8377,45,,61,THB,2.25308448,,0.72818431,101.38880142,2026-07-01,2026-07-31
Phatthalung,5985,8942,33,,50,THB,2.93845011,,0.55915902,96.96885367,2026-07-01,2026-07-31
Phichit,6111,9640,50,,65,THB,1.92797721,,0.67427386,96.39886041,2026-07-01,2026-07-31
"Nong Bua Lam Phu",5525,8557,47,,61,THB,2.01784849,,0.71286666,94.83887885,2026-07-01,2026-07-31
Lamphun,4979,7839,35,,58,THB,2.69568242,,0.73989029,94.34888464,2026-07-01,2026-07-31
Phangnga,4071,6317,44,,58,THB,2.05747568,,0.91815735,90.5289298,2026-07-01,2026-07-31
"Yala Province",6509,9256,26,,36,THB,3.30265326,,0.38893691,85.86898489,2026-07-01,2026-07-31
"Bueng Kan",5265,8179,29,,49,THB,2.94065489,,0.59909524,85.27899186,2026-07-01,2026-07-31
"Chai Nat",4709,7369,45,,60,THB,1.89419983,,0.81422174,85.23899234,2026-07-01,2026-07-31
Satun,3879,5897,20,,34,THB,4.23194997,,0.57656435,84.63899943,2026-07-01,2026-07-31
Uttaradit,5604,8488,31,,50,THB,2.58867907,,0.58906692,80.24905132,2026-07-01,2026-07-31
"Amnat Charoen",3777,6078,43,,55,THB,1.84114103,,0.90490293,79.16906409,2026-07-01,2026-07-31
Nan,5167,7973,23,,41,THB,3.42735079,,0.51423554,78.82906811,2026-07-01,2026-07-31
"Nakhon Nayok",3522,5304,40,,51,THB,1.94722698,,0.96153846,77.88907922,2026-07-01,2026-07-31
"Samut Songkhram",2572,4173,36,,53,THB,2.15247455,,1.27006949,77.48908395,2026-07-01,2026-07-31
Phrae,4893,7887,34,,47,THB,2.22762072,,0.59591733,75.73910464,2026-07-01,2026-07-31
Phayao,4984,7741,24,,30,THB,3.15579603,,0.38754683,75.73910464,2026-07-01,2026-07-31
"Ang Thong",3704,5884,43,,60,THB,1.66393382,,1.01971448,71.54915417,2026-07-01,2026-07-31
Trat,4477,6677,31,,35,THB,2.19836111,,0.52418751,68.14919436,2026-07-01,2026-07-31
"Uthai Thani",4092,6320,24,,33,THB,2.58913606,,0.5221519,62.13926541,2026-07-01,2026-07-31
"Sing Buri",3374,5230,28,,42,THB,1.9689053,,0.80305927,55.12934828,2026-07-01,2026-07-31
Ranong,3317,4895,8,,10,THB,5.85118083,,0.20429009,46.80944664,2026-07-01,2026-07-31
"Mae Hong Son",2198,3303,21,,27,THB,1.84235917,,0.81743869,38.68954263,2026-07-01,2026-07-31
Unknown,108,135,1,,1,THB,1.16998617,,0.74074074,1.16998617,2026-07-01,2026-07-31
