"Campaign name","Ad name","Ad set name",Age,Gender,Reach,Impressions,"Post engagements","Messaging conversations started","Clicks (all)",Currency,"Cost per post engagement","Cost per messaging conversation started","CTR (all)","Amount spent (THB)","Reporting starts","Reporting ends"
"3020 | BU DIA | Msg | Gift For Mon Sale up to 60% off | 1-15 Aug 2025","3020 | BU DIA | Msg | Gift For Mom Sale up to 60% off (Msg)","3020 | BU DIA | Msg | Gift For Mon Sale up to 60% off",35-44,female,2333,12932,686,27,1027,THB,1.83542796,46.6334659,7.94154036,1259.10357923,2025-08-01,2025-08-31
"3020 | BU DIA | MSG | เลี้ยงมาด้วยใจ ตอบแทนด้วยเพชร ลดสูดสุด 60% | 1-12 Aug 68 - สำเนา","3020 | BU DIA | MSG | เลี้ยงมาด้วยใจ ตอบแทนด้วยเพชร ลดสูดสุด 60% | 1-12 Aug 68 - สำเนา","3020 | BU DIA | MSG | เลี้ยงมาด้วยใจ ตอบแทนด้วยเพชร ลดสูดสุด 60% | 1-12 Aug 68 - สำเนา",35-44,female,4828,16879,1279,18,1598,THB,0.87772877,62.36750522,9.46738551,1122.6150939,2025-08-01,2025-08-31
"3020 | BU DIA | Engage FB| Private Sale | 24 - 28 Aug 2025","3020 | BU DIA | Engage FB| Private Sale | 24 - 28 Aug 2025","3020 | BU DIA | Engage FB| Private Sale | 24 - 28 Aug 2025",25-34,female,14749,31656,2844,6,3873,THB,0.38645921,183.18166667,12.23464746,1099.09,2025-08-01,2025-08-31
"3020 | BU DIA | MSG| Gifts From The Heart Sale up to 60% off | 16 - 31 Aug 2025","3020 | BU DIA | MSG| Gifts From The Heart Sale up to 60% off | 16 - 31 Aug 2025","3020 | BU DIA | MSG| Gifts From The Heart Sale up to 60% off",35-44,female,4855,16281,1044,34,1467,THB,1.03197318,31.68764706,9.01050304,1077.38,2025-08-01,2025-08-31
"3020 | BU DIA | MSG | เลี้ยงมาด้วยใจ ตอบแทนด้วยเพชร ลดสูดสุด 60% | 1-12 Aug 68 - สำเนา","3020 | BU DIA | MSG | เลี้ยงมาด้วยใจ ตอบแทนด้วยเพชร ลดสูดสุด 60% | 1-12 Aug 68 - สำเนา","3020 | BU DIA | MSG | เลี้ยงมาด้วยใจ ตอบแทนด้วยเพชร ลดสูดสุด 60% | 1-12 Aug 68 - สำเนา",25-34,female,4936,17670,986,21,1378,THB,1.07822259,50.62511778,7.79852858,1063.12747348,2025-08-01,2025-08-31
"3020 | BU DIA | MSG| Gifts From The Heart Sale up to 60% off | 16 - 31 Aug 2025","3020 | BU DIA | MSG| Gifts From The Heart Sale up to 60% off | 16 - 31 Aug 2025","3020 | BU DIA | MSG| Gifts From The Heart Sale up to 60% off",25-34,female,4782,16565,658,36,1063,THB,1.60720365,29.37611111,6.41714458,1057.54,2025-08-01,2025-08-31
"3020 | BU DIA | Msg | Gift For Mon Sale up to 60% off | 1-15 Aug 2025","3020 | BU DIA | Msg | Gift For Mom Sale up to 60% off (Msg)","3020 | BU DIA | Msg | Gift For Mon Sale up to 60% off",25-34,female,2436,11795,462,20,749,THB,2.27194371,52.48189965,6.35014837,1049.63799296,2025-08-01,2025-08-31
"3020 | BU DIA | MSG | เลี้ยงด้วยใจ เเทนคุณด้วยเพชร ลดสูงสุด 60% | 13-31 Aug 68","3020 | BU DIA | MSG | เลี้ยงด้วยใจ เเทนคุณด้วยเพชร ลดสูงสุด 60% | 13-31 Aug 68","3020 | BU DIA | MSG | เลี้ยงด้วยใจ เเทนคุณด้วยเพชร ลดสูงสุด 60% | 13-31 Aug 68",35-44,female,3376,10856,442,26,691,THB,2.29288126,38.97898143,6.3651437,1013.45351708,2025-08-01,2025-08-31
"3020 | BU DIA | Engage | Pearl Deals You Can't Miss Up to 60% Off | 1-31 Aug 68","3020 | BU DIA | Engage | Pearl Deals You Can't Miss Up to 60% Off | 1-31 Aug 68","3020 | BU DIA | Engage | Pearl Deals You Can't Miss Up to 60% Off | 1-31 Aug 68",45-54,female,9409,21855,2561,47,3277,THB,0.39491214,21.51851064,14.99428049,1011.37,2025-08-01,2025-08-31
"3020 | BU DIA | Engage FB| Private Sale | 24 - 28 Aug 2025","3020 | BU DIA | Engage FB| Private Sale | 24 - 28 Aug 2025","3020 | BU DIA | Engage FB| Private Sale | 24 - 28 Aug 2025",35-44,female,10945,26693,2690,10,3552,THB,0.36783271,98.947,13.30685948,989.47,2025-08-01,2025-08-31
"3020 | BU DIA | Engage FB| Tinder x Aurora Diamond  | 18 - 30 Aug 2025","3020 | BU DIA | Engage FB| Tinder x Aurora Diamond  | 18 - 30 Aug 2025","3020 | BU DIA | Engage FB| Tinder x Aurora Diamond  | 18 - 30 Aug 2025",25-34,male,37739,60139,693,6,664,THB,1.41711426,163.67669651,1.10410881,982.06017906,2025-08-01,2025-08-31
"3020 | BU DIA | MSG | เลี้ยงด้วยใจ เเทนคุณด้วยเพชร ลดสูงสุด 60% | 13-31 Aug 68","3020 | BU DIA | MSG | เลี้ยงด้วยใจ เเทนคุณด้วยเพชร ลดสูงสุด 60% | 13-31 Aug 68","3020 | BU DIA | MSG | เลี้ยงด้วยใจ เเทนคุณด้วยเพชร ลดสูงสุด 60% | 13-31 Aug 68",25-34,female,3497,10460,256,23,536,THB,3.68684605,41.0361995,5.12428298,943.8325885,2025-08-01,2025-08-31
"3020 | BU DIA | Engage | Pearl Deals You Can't Miss Up to 60% Off | 1-31 Aug 68","3020 | BU DIA | Engage | Pearl Deals You Can't Miss Up to 60% Off | 1-31 Aug 68","3020 | BU DIA | Engage | Pearl Deals You Can't Miss Up to 60% Off | 1-31 Aug 68",35-44,female,9172,20422,2026,56,2765,THB,0.39715202,14.36839286,13.53932034,804.63,2025-08-01,2025-08-31
"3020 | BU DIA | Engage | เลี้ยงมาด้วยใจ ตอบแทนด้วยเพชร ลดสูดสุด 60% | 1-12 Aug 68","3020 | BU DIA | Engage | เลี้ยงมาด้วยใจ ตอบแทนด้วยเพชร ลดสูดสุด 60% | 1-12 Aug 68","3020 | BU DIA | Engage | เลี้ยงมาด้วยใจ ตอบแทนด้วยเพชร ลดสูดสุด 60% | 1-12 Aug 68",35-44,female,14599,32469,4088,12,4912,THB,0.19182241,65.3475,15.1282762,784.17,2025-08-01,2025-08-31
"3020 | BU DIA | Engage FB| Tinder x Aurora Diamond  | 18 - 30 Aug 2025","3020 | BU DIA | Engage FB| Tinder x Aurora Diamond  | 18 - 30 Aug 2025","3020 | BU DIA | Engage FB| Tinder x Aurora Diamond  | 18 - 30 Aug 2025",25-34,female,27952,43288,565,3,505,THB,1.37124292,258.25075074,1.16660506,774.75225221,2025-08-01,2025-08-31
"3020 | BU DIA | Engage | Gift For Mon Sale up to 60% off | 1-15 Aug 2025","3020 | BU DIA | Engage | Gift For Mom Sale up to 60% off","3020 | BU DIA | Engage | Gift For Mon Sale up to 60% off",35-44,female,7895,23379,2288,7,2823,THB,0.33262675,108.72142857,12.07493905,761.05,2025-08-01,2025-08-31
"3020 | BU DIA | Engage| Gifts From The Heart Sale up to 60% off | 16 - 31 Aug 2025","3020 | BU DIA | Engage| Gifts From The Heart Sale up to 60% off | 16 - 31 Aug 2025","3020 | BU DIA | Engage| Gifts From The Heart Sale up to 60% off",35-44,female,12474,25838,3033,5,3686,THB,0.2481512,150.52851586,14.26581005,752.64257928,2025-08-01,2025-08-31
"3020 | BU DIA | Engage  | New Arrival | 7-31 Aug 2025","3020 | BU DIA | Engage  | New Arrival | 7-31 Aug 2025","3020 | BU DIA | Engage  | New Arrival | 7-31 Aug 2025",35-44,female,11460,26948,2336,7,4380,THB,0.31690925,105.75714286,16.25352531,740.3,2025-08-01,2025-08-31
"3020 | BU DIA | Engage  | New Arrival | 7-31 Aug 2025","3020 | BU DIA | Engage  | New Arrival | 7-31 Aug 2025","3020 | BU DIA | Engage  | New Arrival | 7-31 Aug 2025",25-34,female,10887,25074,1942,12,3711,THB,0.34263646,55.45,14.80019143,665.4,2025-08-01,2025-08-31
"3020 | BU DIA | Engage | เลี้ยงมาด้วยใจ ตอบแทนด้วยเพชร ลดสูดสุด 60% | 1-12 Aug 68","3020 | BU DIA | Engage | เลี้ยงมาด้วยใจ ตอบแทนด้วยเพชร ลดสูดสุด 60% | 1-12 Aug 68","3020 | BU DIA | Engage | เลี้ยงมาด้วยใจ ตอบแทนด้วยเพชร ลดสูดสุด 60% | 1-12 Aug 68",25-34,female,12478,25418,2901,5,3528,THB,0.19327129,112.136,13.87992761,560.68,2025-08-01,2025-08-31
"3020 | BU DIA | Engage| Gifts From The Heart Sale up to 60% off | 16 - 31 Aug 2025","3020 | BU DIA | Engage| Gifts From The Heart Sale up to 60% off | 16 - 31 Aug 2025","3020 | BU DIA | Engage| Gifts From The Heart Sale up to 60% off",45-54,female,7767,15757,2044,7,2465,THB,0.26632893,77.76804733,15.64384083,544.37633129,2025-08-01,2025-08-31
"3020 | BU DIA | Engage | เลี้ยงด้วยใจ เเทนคุณด้วยเพชร ลดสูงสุด 60% | 13-31 Aug 68","3020 | BU DIA | Engage | เลี้ยงด้วยใจ เเทนคุณด้วยเพชร ลดสูงสุด 60% | 13-31 Aug 68","3020 | BU DIA | Engage | เลี้ยงด้วยใจ เเทนคุณด้วยเพชร ลดสูงสุด 60% | 13-31 Aug 68",45-54,female,6402,12083,1279,7,1530,THB,0.40949849,74.82122492,12.66241827,523.74857447,2025-08-01,2025-08-31
"3020 | BU DIA | Engage | Gift For Mon Sale up to 60% off | 1-15 Aug 2025","3020 | BU DIA | Engage | Gift For Mom Sale up to 60% off","3020 | BU DIA | Engage | Gift For Mon Sale up to 60% off",45-54,female,4661,13605,1489,5,1806,THB,0.35008059,104.254,13.27453142,521.27,2025-08-01,2025-08-31
"3020 | BU DIA | Engage FB| Tinder x Aurora Diamond  | 18 - 30 Aug 2025","3020 | BU DIA | Engage FB| Tinder x Aurora Diamond  | 18 - 30 Aug 2025","3020 | BU DIA | Engage FB| Tinder x Aurora Diamond  | 18 - 30 Aug 2025",18-24,male,12951,21245,358,1,333,THB,1.43828171,514.90485078,1.56742763,514.90485078,2025-08-01,2025-08-31
"3020 | BU DIA | MSG | เลี้ยงด้วยใจ เเทนคุณด้วยเพชร ลดสูงสุด 60% | 13-31 Aug 68","3020 | BU DIA | MSG | เลี้ยงด้วยใจ เเทนคุณด้วยเพชร ลดสูงสุด 60% | 13-31 Aug 68","3020 | BU DIA | MSG | เลี้ยงด้วยใจ เเทนคุณด้วยเพชร ลดสูงสุด 60% | 13-31 Aug 68",45-54,female,1414,4372,247,11,344,THB,2.05901532,46.23425302,7.86825252,508.57678322,2025-08-01,2025-08-31
"3020 | BU DIA | Engage | Pearl Deals You Can't Miss Up to 60% Off | 1-31 Aug 68","3020 | BU DIA | Engage | Pearl Deals You Can't Miss Up to 60% Off | 1-31 Aug 68","3020 | BU DIA | Engage | Pearl Deals You Can't Miss Up to 60% Off | 1-31 Aug 68",55-64,female,4210,9247,1031,20,1330,THB,0.46812803,24.132,14.38304315,482.64,2025-08-01,2025-08-31
"3020 | BU DIA | Engage FB| Tinder x Aurora Diamond  | 18 - 30 Aug 2025","3020 | BU DIA | Engage FB| Tinder x Aurora Diamond  | 18 - 30 Aug 2025","3020 | BU DIA | Engage FB| Tinder x Aurora Diamond  | 18 - 30 Aug 2025",35-44,female,18200,29267,394,3,435,THB,1.15719655,151.97848016,1.48631565,455.93544049,2025-08-01,2025-08-31
"3020 | BU DIA | Engage FB| Tinder x Aurora Diamond  | 18 - 30 Aug 2025","3020 | BU DIA | Engage FB| Tinder x Aurora Diamond  | 18 - 30 Aug 2025","3020 | BU DIA | Engage FB| Tinder x Aurora Diamond  | 18 - 30 Aug 2025",35-44,male,21203,35597,364,2,347,THB,1.24539963,226.6627333,0.97480125,453.32546659,2025-08-01,2025-08-31
"3020 | BU DIA | Msg | Gift For Mon Sale up to 60% off | 1-15 Aug 2025","3020 | BU DIA | Msg | Gift For Mom Sale up to 60% off (Msg)","3020 | BU DIA | Msg | Gift For Mon Sale up to 60% off",45-54,female,826,3466,219,6,293,THB,2.05644754,75.06033513,8.45354876,450.36201077,2025-08-01,2025-08-31
"3020 | BU DIA | Engage FB| Tinder x Aurora Diamond  | 18 - 30 Aug 2025","3020 | BU DIA | Engage FB| Tinder x Aurora Diamond  | 18 - 30 Aug 2025","3020 | BU DIA | Engage FB| Tinder x Aurora Diamond  | 18 - 30 Aug 2025",18-24,female,9058,13772,375,,252,THB,1.16476169,,1.82979959,436.785632,2025-08-01,2025-08-31
"3020 | BU DIA | Engage | Gift For Mon Sale up to 60% off | 1-15 Aug 2025","3020 | BU DIA | Engage | Gift For Mom Sale up to 60% off","3020 | BU DIA | Engage | Gift For Mon Sale up to 60% off",25-34,female,5530,14738,1328,5,1715,THB,0.32840361,87.224,11.6365857,436.12,2025-08-01,2025-08-31
"3020 | BU DIA | Engage | เลี้ยงมาด้วยใจ ตอบแทนด้วยเพชร ลดสูดสุด 60% | 1-12 Aug 68","3020 | BU DIA | Engage | เลี้ยงมาด้วยใจ ตอบแทนด้วยเพชร ลดสูดสุด 60% | 1-12 Aug 68","3020 | BU DIA | Engage | เลี้ยงมาด้วยใจ ตอบแทนด้วยเพชร ลดสูดสุด 60% | 1-12 Aug 68",45-54,female,6820,15182,2156,6,2636,THB,0.19896568,71.495,17.36266632,428.97,2025-08-01,2025-08-31
"3020 | BU DIA | MSG| Gifts From The Heart Sale up to 60% off | 16 - 31 Aug 2025","3020 | BU DIA | MSG| Gifts From The Heart Sale up to 60% off | 16 - 31 Aug 2025","3020 | BU DIA | MSG| Gifts From The Heart Sale up to 60% off",45-54,female,1837,5594,449,10,602,THB,0.95138085,42.717,10.76153021,427.17,2025-08-01,2025-08-31
"3020 | BU DIA | Engage FB| Private Sale | 24 - 28 Aug 2025","3020 | BU DIA | Engage FB| Private Sale | 24 - 28 Aug 2025","3020 | BU DIA | Engage FB| Private Sale | 24 - 28 Aug 2025",45-54,female,4395,9793,1011,3,1298,THB,0.40929773,137.93333333,13.25436536,413.8,2025-08-01,2025-08-31
"3020 | BU DIA | MSG | เลี้ยงมาด้วยใจ ตอบแทนด้วยเพชร ลดสูดสุด 60% | 1-12 Aug 68 - สำเนา","3020 | BU DIA | MSG | เลี้ยงมาด้วยใจ ตอบแทนด้วยเพชร ลดสูดสุด 60% | 1-12 Aug 68 - สำเนา","3020 | BU DIA | MSG | เลี้ยงมาด้วยใจ ตอบแทนด้วยเพชร ลดสูดสุด 60% | 1-12 Aug 68 - สำเนา",45-54,female,2847,6319,494,10,588,THB,0.82037204,40.52637889,9.30526982,405.26378891,2025-08-01,2025-08-31
"3020 | BU DIA | Engage | เลี้ยงด้วยใจ เเทนคุณด้วยเพชร ลดสูงสุด 60% | 13-31 Aug 68","3020 | BU DIA | Engage | เลี้ยงด้วยใจ เเทนคุณด้วยเพชร ลดสูงสุด 60% | 13-31 Aug 68","3020 | BU DIA | Engage | เลี้ยงด้วยใจ เเทนคุณด้วยเพชร ลดสูงสุด 60% | 13-31 Aug 68",35-44,female,5240,9842,856,3,1026,THB,0.46272129,132.02980754,10.42471042,396.08942262,2025-08-01,2025-08-31
"3020 | BU DIA | Engage | เลี้ยงด้วยใจ เเทนคุณด้วยเพชร ลดสูงสุด 60% | 13-31 Aug 68","3020 | BU DIA | Engage | เลี้ยงด้วยใจ เเทนคุณด้วยเพชร ลดสูงสุด 60% | 13-31 Aug 68","3020 | BU DIA | Engage | เลี้ยงด้วยใจ เเทนคุณด้วยเพชร ลดสูงสุด 60% | 13-31 Aug 68",55-64,female,4902,8471,762,3,961,THB,0.50968276,129.45942192,11.34458742,388.37826577,2025-08-01,2025-08-31
"3020 | BU DIA | Engage| Gifts From The Heart Sale up to 60% off | 16 - 31 Aug 2025","3020 | BU DIA | Engage| Gifts From The Heart Sale up to 60% off | 16 - 31 Aug 2025","3020 | BU DIA | Engage| Gifts From The Heart Sale up to 60% off",25-34,female,6973,13409,1240,4,1558,THB,0.28810542,89.31267938,11.61906182,357.25071752,2025-08-01,2025-08-31
"3020 | BU DIA | Engage  | New Arrival | 7-31 Aug 2025","3020 | BU DIA | Engage  | New Arrival | 7-31 Aug 2025","3020 | BU DIA | Engage  | New Arrival | 7-31 Aug 2025",45-54,female,4950,10819,1067,1,1735,THB,0.31819119,339.51,16.03660227,339.51,2025-08-01,2025-08-31
"3020 | BU DIA | Engage | Pearl Deals You Can't Miss Up to 60% Off | 1-31 Aug 68","3020 | BU DIA | Engage | Pearl Deals You Can't Miss Up to 60% Off | 1-31 Aug 68","3020 | BU DIA | Engage | Pearl Deals You Can't Miss Up to 60% Off | 1-31 Aug 68",25-34,female,4854,8946,763,19,1082,THB,0.44055046,17.69157895,12.09479097,336.14,2025-08-01,2025-08-31
"3020 | BU DIA | Engage FB| Tinder x Aurora Diamond  | 18 - 30 Aug 2025","3020 | BU DIA | Engage FB| Tinder x Aurora Diamond  | 18 - 30 Aug 2025","3020 | BU DIA | Engage FB| Tinder x Aurora Diamond  | 18 - 30 Aug 2025",45-54,female,12765,20596,258,1,251,THB,1.19704229,308.83691153,1.21868324,308.83691153,2025-08-01,2025-08-31
"3020 | BU DIA | Engage FB| Tinder x Aurora Diamond  | 18 - 30 Aug 2025","3020 | BU DIA | Engage FB| Tinder x Aurora Diamond  | 18 - 30 Aug 2025","3020 | BU DIA | Engage FB| Tinder x Aurora Diamond  | 18 - 30 Aug 2025",45-54,male,11561,18741,205,,181,THB,1.28081646,,0.96579692,262.56737424,2025-08-01,2025-08-31
"3020 | BU DIA | Engage | เลี้ยงด้วยใจ เเทนคุณด้วยเพชร ลดสูงสุด 60% | 13-31 Aug 68","3020 | BU DIA | Engage | เลี้ยงด้วยใจ เเทนคุณด้วยเพชร ลดสูงสุด 60% | 13-31 Aug 68","3020 | BU DIA | Engage | เลี้ยงด้วยใจ เเทนคุณด้วยเพชร ลดสูงสุด 60% | 13-31 Aug 68",65+,female,2599,4449,439,6,552,THB,0.55582371,40.66776778,12.40728254,244.00660667,2025-08-01,2025-08-31
"3020 | BU DIA | Engage FB| Tinder x Aurora Diamond  | 18 - 30 Aug 2025","3020 | BU DIA | Engage FB| Tinder x Aurora Diamond  | 18 - 30 Aug 2025","3020 | BU DIA | Engage FB| Tinder x Aurora Diamond  | 18 - 30 Aug 2025",55-64,female,13536,20853,177,,177,THB,1.27015679,,0.84879873,224.81775175,2025-08-01,2025-08-31
"3020 | BU DIA | Engage | เลี้ยงด้วยใจ เเทนคุณด้วยเพชร ลดสูงสุด 60% | 13-31 Aug 68","3020 | BU DIA | Engage | เลี้ยงด้วยใจ เเทนคุณด้วยเพชร ลดสูงสุด 60% | 13-31 Aug 68","3020 | BU DIA | Engage | เลี้ยงด้วยใจ เเทนคุณด้วยเพชร ลดสูงสุด 60% | 13-31 Aug 68",25-34,female,2778,4768,377,3,457,THB,0.55448637,69.68045369,9.58473154,209.04136107,2025-08-01,2025-08-31
"3020 | BU DIA | Engage FB| Tinder x Aurora Diamond  | 18 - 30 Aug 2025","3020 | BU DIA | Engage FB| Tinder x Aurora Diamond  | 18 - 30 Aug 2025","3020 | BU DIA | Engage FB| Tinder x Aurora Diamond  | 18 - 30 Aug 2025",55-64,male,10125,15363,150,1,124,THB,1.35145315,202.71797275,0.80713402,202.71797275,2025-08-01,2025-08-31
"3020 | BU DIA | Engage FB| Tinder x Aurora Diamond  | 18 - 30 Aug 2025","3020 | BU DIA | Engage FB| Tinder x Aurora Diamond  | 18 - 30 Aug 2025","3020 | BU DIA | Engage FB| Tinder x Aurora Diamond  | 18 - 30 Aug 2025",65+,female,10869,18051,138,,138,THB,1.31498685,,0.76450058,181.46818526,2025-08-01,2025-08-31
"3020 | BU DIA | MSG | เลี้ยงด้วยใจ เเทนคุณด้วยเพชร ลดสูงสุด 60% | 13-31 Aug 68","3020 | BU DIA | MSG | เลี้ยงด้วยใจ เเทนคุณด้วยเพชร ลดสูงสุด 60% | 13-31 Aug 68","3020 | BU DIA | MSG | เลี้ยงด้วยใจ เเทนคุณด้วยเพชร ลดสูงสุด 60% | 13-31 Aug 68",55-64,female,441,1147,75,,102,THB,2.28803052,,8.89276373,171.60228877,2025-08-01,2025-08-31
"3020 | BU DIA | Engage FB| Tinder x Aurora Diamond  | 18 - 30 Aug 2025","3020 | BU DIA | Engage FB| Tinder x Aurora Diamond  | 18 - 30 Aug 2025","3020 | BU DIA | Engage FB| Tinder x Aurora Diamond  | 18 - 30 Aug 2025",65+,male,8292,13497,132,1,114,THB,1.29589613,171.05828936,0.84463214,171.05828936,2025-08-01,2025-08-31
"3020 | BU DIA | Engage| Gifts From The Heart Sale up to 60% off | 16 - 31 Aug 2025","3020 | BU DIA | Engage| Gifts From The Heart Sale up to 60% off | 16 - 31 Aug 2025","3020 | BU DIA | Engage| Gifts From The Heart Sale up to 60% off",55-64,female,2206,4107,537,3,674,THB,0.28043672,50.19817261,16.4110056,150.59451784,2025-08-01,2025-08-31
"3020 | BU DIA | Engage | Gift For Mon Sale up to 60% off | 1-15 Aug 2025","3020 | BU DIA | Engage | Gift For Mom Sale up to 60% off","3020 | BU DIA | Engage | Gift For Mon Sale up to 60% off",55-64,female,1422,3564,373,,449,THB,0.3822252,,12.59820426,142.57,2025-08-01,2025-08-31
"3020 | BU DIA | Engage | Pearl Deals You Can't Miss Up to 60% Off | 1-31 Aug 68","3020 | BU DIA | Engage | Pearl Deals You Can't Miss Up to 60% Off | 1-31 Aug 68","3020 | BU DIA | Engage | Pearl Deals You Can't Miss Up to 60% Off | 1-31 Aug 68",65+,female,1330,2615,264,2,355,THB,0.52575758,69.4,13.57552581,138.8,2025-08-01,2025-08-31
"3020 | BU DIA | MSG | เลี้ยงมาด้วยใจ ตอบแทนด้วยเพชร ลดสูดสุด 60% | 1-12 Aug 68 - สำเนา","3020 | BU DIA | MSG | เลี้ยงมาด้วยใจ ตอบแทนด้วยเพชร ลดสูดสุด 60% | 1-12 Aug 68 - สำเนา","3020 | BU DIA | MSG | เลี้ยงมาด้วยใจ ตอบแทนด้วยเพชร ลดสูดสุด 60% | 1-12 Aug 68 - สำเนา",55-64,female,1753,2937,168,6,185,THB,0.79871805,22.36410541,6.2989445,134.18463244,2025-08-01,2025-08-31
"3020 | BU DIA | Engage FB| Private Sale | 24 - 28 Aug 2025","3020 | BU DIA | Engage FB| Private Sale | 24 - 28 Aug 2025","3020 | BU DIA | Engage FB| Private Sale | 24 - 28 Aug 2025",55-64,female,1426,2883,336,2,412,THB,0.3983631,66.925,14.29066944,133.85,2025-08-01,2025-08-31
"3020 | BU DIA | MSG| Gifts From The Heart Sale up to 60% off | 16 - 31 Aug 2025","3020 | BU DIA | MSG| Gifts From The Heart Sale up to 60% off | 16 - 31 Aug 2025","3020 | BU DIA | MSG| Gifts From The Heart Sale up to 60% off",55-64,female,404,1137,110,2,137,THB,1.01054545,55.58,12.04925242,111.16,2025-08-01,2025-08-31
"3020 | BU DIA | MSG | เลี้ยงด้วยใจ เเทนคุณด้วยเพชร ลดสูงสุด 60% | 13-31 Aug 68","3020 | BU DIA | MSG | เลี้ยงด้วยใจ เเทนคุณด้วยเพชร ลดสูงสุด 60% | 13-31 Aug 68","3020 | BU DIA | MSG | เลี้ยงด้วยใจ เเทนคุณด้วยเพชร ลดสูงสุด 60% | 13-31 Aug 68",25-34,male,470,1161,17,2,40,THB,6.40067361,54.40572564,3.44530577,108.81145129,2025-08-01,2025-08-31
"3020 | BU DIA | MSG| Gifts From The Heart Sale up to 60% off | 16 - 31 Aug 2025","3020 | BU DIA | MSG| Gifts From The Heart Sale up to 60% off | 16 - 31 Aug 2025","3020 | BU DIA | MSG| Gifts From The Heart Sale up to 60% off",25-34,male,653,1875,67,1,101,THB,1.59641791,106.96,5.38666667,106.96,2025-08-01,2025-08-31
"3020 | BU DIA | Msg | Gift For Mon Sale up to 60% off | 1-15 Aug 2025","3020 | BU DIA | Msg | Gift For Mom Sale up to 60% off (Msg)","3020 | BU DIA | Msg | Gift For Mon Sale up to 60% off",55-64,female,203,891,69,,91,THB,1.44771977,,10.21324355,99.89266405,2025-08-01,2025-08-31
"3020 | BU DIA | Engage | เลี้ยงมาด้วยใจ ตอบแทนด้วยเพชร ลดสูดสุด 60% | 1-12 Aug 68","3020 | BU DIA | Engage | เลี้ยงมาด้วยใจ ตอบแทนด้วยเพชร ลดสูดสุด 60% | 1-12 Aug 68","3020 | BU DIA | Engage | เลี้ยงมาด้วยใจ ตอบแทนด้วยเพชร ลดสูดสุด 60% | 1-12 Aug 68",55-64,female,1677,3470,478,,634,THB,0.20468619,,18.27089337,97.84,2025-08-01,2025-08-31
"3020 | BU DIA | Engage FB| Private Sale | 24 - 28 Aug 2025","3020 | BU DIA | Engage FB| Private Sale | 24 - 28 Aug 2025","3020 | BU DIA | Engage FB| Private Sale | 24 - 28 Aug 2025",18-24,female,1756,2839,221,,271,THB,0.44072398,,9.54561465,97.4,2025-08-01,2025-08-31
"3020 | BU DIA | MSG| Gifts From The Heart Sale up to 60% off | 16 - 31 Aug 2025","3020 | BU DIA | MSG| Gifts From The Heart Sale up to 60% off | 16 - 31 Aug 2025","3020 | BU DIA | MSG| Gifts From The Heart Sale up to 60% off",45-54,male,203,501,25,1,39,THB,3.8204,95.51,7.78443114,95.51,2025-08-01,2025-08-31
"3020 | BU DIA | MSG | เลี้ยงมาด้วยใจ ตอบแทนด้วยเพชร ลดสูดสุด 60% | 1-12 Aug 68 - สำเนา","3020 | BU DIA | MSG | เลี้ยงมาด้วยใจ ตอบแทนด้วยเพชร ลดสูดสุด 60% | 1-12 Aug 68 - สำเนา","3020 | BU DIA | MSG | เลี้ยงมาด้วยใจ ตอบแทนด้วยเพชร ลดสูดสุด 60% | 1-12 Aug 68 - สำเนา",25-34,male,1136,2244,67,3,94,THB,1.17532612,26.24895001,4.18894831,78.74685002,2025-08-01,2025-08-31
"3020 | BU DIA | MSG | เลี้ยงด้วยใจ เเทนคุณด้วยเพชร ลดสูงสุด 60% | 13-31 Aug 68","3020 | BU DIA | MSG | เลี้ยงด้วยใจ เเทนคุณด้วยเพชร ลดสูงสุด 60% | 13-31 Aug 68","3020 | BU DIA | MSG | เลี้ยงด้วยใจ เเทนคุณด้วยเพชร ลดสูงสุด 60% | 13-31 Aug 68",45-54,male,165,341,8,,12,THB,9.69387929,,3.51906158,77.55103435,2025-08-01,2025-08-31
"3020 | BU DIA | MSG | เลี้ยงด้วยใจ เเทนคุณด้วยเพชร ลดสูงสุด 60% | 13-31 Aug 68","3020 | BU DIA | MSG | เลี้ยงด้วยใจ เเทนคุณด้วยเพชร ลดสูงสุด 60% | 13-31 Aug 68","3020 | BU DIA | MSG | เลี้ยงด้วยใจ เเทนคุณด้วยเพชร ลดสูงสุด 60% | 13-31 Aug 68",65+,female,169,398,25,1,34,THB,2.7444366,68.61091511,8.54271357,68.61091511,2025-08-01,2025-08-31
"3020 | BU DIA | MSG | เลี้ยงด้วยใจ เเทนคุณด้วยเพชร ลดสูงสุด 60% | 13-31 Aug 68","3020 | BU DIA | MSG | เลี้ยงด้วยใจ เเทนคุณด้วยเพชร ลดสูงสุด 60% | 13-31 Aug 68","3020 | BU DIA | MSG | เลี้ยงด้วยใจ เเทนคุณด้วยเพชร ลดสูงสุด 60% | 13-31 Aug 68",35-44,male,362,800,21,2,59,THB,3.2267097,33.88045189,7.375,67.76090377,2025-08-01,2025-08-31
"3020 | BU DIA | MSG| Gifts From The Heart Sale up to 60% off | 16 - 31 Aug 2025","3020 | BU DIA | MSG| Gifts From The Heart Sale up to 60% off | 16 - 31 Aug 2025","3020 | BU DIA | MSG| Gifts From The Heart Sale up to 60% off",35-44,male,480,1283,57,1,90,THB,1.18736842,67.68,7.01480904,67.68,2025-08-01,2025-08-31
"3020 | BU DIA | Engage  | New Arrival | 7-31 Aug 2025","3020 | BU DIA | Engage  | New Arrival | 7-31 Aug 2025","3020 | BU DIA | Engage  | New Arrival | 7-31 Aug 2025",55-64,female,1016,1996,194,,329,THB,0.34154639,,16.48296593,66.26,2025-08-01,2025-08-31
"3020 | BU DIA | MSG | เลี้ยงมาด้วยใจ ตอบแทนด้วยเพชร ลดสูดสุด 60% | 1-12 Aug 68 - สำเนา","3020 | BU DIA | MSG | เลี้ยงมาด้วยใจ ตอบแทนด้วยเพชร ลดสูดสุด 60% | 1-12 Aug 68 - สำเนา","3020 | BU DIA | MSG | เลี้ยงมาด้วยใจ ตอบแทนด้วยเพชร ลดสูดสุด 60% | 1-12 Aug 68 - สำเนา",35-44,male,887,1624,42,,58,THB,1.48303591,,3.57142857,62.28750842,2025-08-01,2025-08-31
"3020 | BU DIA | Engage | เลี้ยงด้วยใจ เเทนคุณด้วยเพชร ลดสูงสุด 60% | 13-31 Aug 68","3020 | BU DIA | Engage | เลี้ยงด้วยใจ เเทนคุณด้วยเพชร ลดสูงสุด 60% | 13-31 Aug 68","3020 | BU DIA | Engage | เลี้ยงด้วยใจ เเทนคุณด้วยเพชร ลดสูงสุด 60% | 13-31 Aug 68",25-34,male,707,1158,92,1,110,THB,0.65999032,60.71910928,9.49913644,60.71910928,2025-08-01,2025-08-31
"3020 | BU DIA | MSG | เลี้ยงมาด้วยใจ ตอบแทนด้วยเพชร ลดสูดสุด 60% | 1-12 Aug 68 - สำเนา","3020 | BU DIA | MSG | เลี้ยงมาด้วยใจ ตอบแทนด้วยเพชร ลดสูดสุด 60% | 1-12 Aug 68 - สำเนา","3020 | BU DIA | MSG | เลี้ยงมาด้วยใจ ตอบแทนด้วยเพชร ลดสูดสุด 60% | 1-12 Aug 68 - สำเนา",45-54,male,1155,1594,30,,38,THB,1.83192672,,2.38393977,54.95780161,2025-08-01,2025-08-31
"3020 | BU DIA | Engage | เลี้ยงด้วยใจ เเทนคุณด้วยเพชร ลดสูงสุด 60% | 13-31 Aug 68","3020 | BU DIA | Engage | เลี้ยงด้วยใจ เเทนคุณด้วยเพชร ลดสูงสุด 60% | 13-31 Aug 68","3020 | BU DIA | Engage | เลี้ยงด้วยใจ เเทนคุณด้วยเพชร ลดสูงสุด 60% | 13-31 Aug 68",35-44,male,675,1160,83,,100,THB,0.65648403,,8.62068966,54.48817449,2025-08-01,2025-08-31
"3020 | BU DIA | Engage FB| Private Sale | 24 - 28 Aug 2025","3020 | BU DIA | Engage FB| Private Sale | 24 - 28 Aug 2025","3020 | BU DIA | Engage FB| Private Sale | 24 - 28 Aug 2025",25-34,male,779,1495,128,1,191,THB,0.40945312,52.41,12.77591973,52.41,2025-08-01,2025-08-31
"3020 | BU DIA | Engage | เลี้ยงด้วยใจ เเทนคุณด้วยเพชร ลดสูงสุด 60% | 13-31 Aug 68","3020 | BU DIA | Engage | เลี้ยงด้วยใจ เเทนคุณด้วยเพชร ลดสูงสุด 60% | 13-31 Aug 68","3020 | BU DIA | Engage | เลี้ยงด้วยใจ เเทนคุณด้วยเพชร ลดสูงสุด 60% | 13-31 Aug 68",45-54,male,649,1086,92,,120,THB,0.55551812,,11.04972376,51.10766734,2025-08-01,2025-08-31
"3020 | BU DIA | Engage | เลี้ยงด้วยใจ เเทนคุณด้วยเพชร ลดสูงสุด 60% | 13-31 Aug 68","3020 | BU DIA | Engage | เลี้ยงด้วยใจ เเทนคุณด้วยเพชร ลดสูงสุด 60% | 13-31 Aug 68","3020 | BU DIA | Engage | เลี้ยงด้วยใจ เเทนคุณด้วยเพชร ลดสูงสุด 60% | 13-31 Aug 68",55-64,male,404,698,60,,68,THB,0.84912739,,9.74212034,50.94764333,2025-08-01,2025-08-31
"3020 | BU DIA | Engage  | New Arrival | 7-31 Aug 2025","3020 | BU DIA | Engage  | New Arrival | 7-31 Aug 2025","3020 | BU DIA | Engage  | New Arrival | 7-31 Aug 2025",25-34,male,690,1355,176,,240,THB,0.28823864,,17.71217712,50.73,2025-08-01,2025-08-31
"3020 | BU DIA | Msg | Gift For Mon Sale up to 60% off | 1-15 Aug 2025","3020 | BU DIA | Msg | Gift For Mom Sale up to 60% off (Msg)","3020 | BU DIA | Msg | Gift For Mon Sale up to 60% off",25-34,male,238,711,22,1,35,THB,2.16414863,47.61126975,4.92264416,47.61126975,2025-08-01,2025-08-31
"3020 | BU DIA | Engage| Gifts From The Heart Sale up to 60% off | 16 - 31 Aug 2025","3020 | BU DIA | Engage| Gifts From The Heart Sale up to 60% off | 16 - 31 Aug 2025","3020 | BU DIA | Engage| Gifts From The Heart Sale up to 60% off",35-44,male,869,1515,166,,207,THB,0.2825386,,13.66336634,46.90140704,2025-08-01,2025-08-31
"3020 | BU DIA | Engage | Pearl Deals You Can't Miss Up to 60% Off | 1-31 Aug 68","3020 | BU DIA | Engage | Pearl Deals You Can't Miss Up to 60% Off | 1-31 Aug 68","3020 | BU DIA | Engage | Pearl Deals You Can't Miss Up to 60% Off | 1-31 Aug 68",18-24,female,690,1097,94,,92,THB,0.49531915,,8.38650866,46.56,2025-08-01,2025-08-31
"3020 | BU DIA | Engage | Pearl Deals You Can't Miss Up to 60% Off | 1-31 Aug 68","3020 | BU DIA | Engage | Pearl Deals You Can't Miss Up to 60% Off | 1-31 Aug 68","3020 | BU DIA | Engage | Pearl Deals You Can't Miss Up to 60% Off | 1-31 Aug 68",25-34,male,583,987,80,3,96,THB,0.576125,15.36333333,9.72644377,46.09,2025-08-01,2025-08-31
"3020 | BU DIA | Engage  | New Arrival | 7-31 Aug 2025","3020 | BU DIA | Engage  | New Arrival | 7-31 Aug 2025","3020 | BU DIA | Engage  | New Arrival | 7-31 Aug 2025",35-44,male,556,1221,136,1,204,THB,0.33352941,45.36,16.70761671,45.36,2025-08-01,2025-08-31
"3020 | BU DIA | Engage| Gifts From The Heart Sale up to 60% off | 16 - 31 Aug 2025","3020 | BU DIA | Engage| Gifts From The Heart Sale up to 60% off | 16 - 31 Aug 2025","3020 | BU DIA | Engage| Gifts From The Heart Sale up to 60% off",25-34,male,763,1338,146,,179,THB,0.31028328,,13.37817638,45.30135904,2025-08-01,2025-08-31
"3020 | BU DIA | Engage | Pearl Deals You Can't Miss Up to 60% Off | 1-31 Aug 68","3020 | BU DIA | Engage | Pearl Deals You Can't Miss Up to 60% Off | 1-31 Aug 68","3020 | BU DIA | Engage | Pearl Deals You Can't Miss Up to 60% Off | 1-31 Aug 68",45-54,male,459,913,102,1,130,THB,0.43156863,44.02,14.23877327,44.02,2025-08-01,2025-08-31
"3020 | BU DIA | Engage FB| Private Sale | 24 - 28 Aug 2025","3020 | BU DIA | Engage FB| Private Sale | 24 - 28 Aug 2025","3020 | BU DIA | Engage FB| Private Sale | 24 - 28 Aug 2025",65+,female,500,920,112,1,160,THB,0.38517857,43.14,17.39130435,43.14,2025-08-01,2025-08-31
"3020 | BU DIA | Engage| Gifts From The Heart Sale up to 60% off | 16 - 31 Aug 2025","3020 | BU DIA | Engage| Gifts From The Heart Sale up to 60% off | 16 - 31 Aug 2025","3020 | BU DIA | Engage| Gifts From The Heart Sale up to 60% off",65+,female,625,1160,129,,162,THB,0.33334333,,13.96551724,43.00129004,2025-08-01,2025-08-31
"3020 | BU DIA | Engage | Gift For Mon Sale up to 60% off | 1-15 Aug 2025","3020 | BU DIA | Engage | Gift For Mom Sale up to 60% off","3020 | BU DIA | Engage | Gift For Mon Sale up to 60% off",65+,female,380,1035,107,,136,THB,0.39766355,,13.14009662,42.55,2025-08-01,2025-08-31
"3020 | BU DIA | Engage | Pearl Deals You Can't Miss Up to 60% Off | 1-31 Aug 68","3020 | BU DIA | Engage | Pearl Deals You Can't Miss Up to 60% Off | 1-31 Aug 68","3020 | BU DIA | Engage | Pearl Deals You Can't Miss Up to 60% Off | 1-31 Aug 68",35-44,male,555,933,94,1,110,THB,0.41234043,38.76,11.78992497,38.76,2025-08-01,2025-08-31
"3020 | BU DIA | Engage FB| Private Sale | 24 - 28 Aug 2025","3020 | BU DIA | Engage FB| Private Sale | 24 - 28 Aug 2025","3020 | BU DIA | Engage FB| Private Sale | 24 - 28 Aug 2025",35-44,male,538,1036,82,,111,THB,0.46829268,,10.71428571,38.4,2025-08-01,2025-08-31
"3020 | BU DIA | MSG | เลี้ยงมาด้วยใจ ตอบแทนด้วยเพชร ลดสูดสุด 60% | 1-12 Aug 68 - สำเนา","3020 | BU DIA | MSG | เลี้ยงมาด้วยใจ ตอบแทนด้วยเพชร ลดสูดสุด 60% | 1-12 Aug 68 - สำเนา","3020 | BU DIA | MSG | เลี้ยงมาด้วยใจ ตอบแทนด้วยเพชร ลดสูดสุด 60% | 1-12 Aug 68 - สำเนา",65+,female,895,1428,45,1,53,THB,0.80530112,36.23855041,3.71148459,36.23855041,2025-08-01,2025-08-31
"3020 | BU DIA | Msg | Gift For Mon Sale up to 60% off | 1-15 Aug 2025","3020 | BU DIA | Msg | Gift For Mom Sale up to 60% off (Msg)","3020 | BU DIA | Msg | Gift For Mon Sale up to 60% off",35-44,male,132,454,14,,17,THB,2.53649622,,3.74449339,35.51094705,2025-08-01,2025-08-31
"3020 | BU DIA | Engage| Gifts From The Heart Sale up to 60% off | 16 - 31 Aug 2025","3020 | BU DIA | Engage| Gifts From The Heart Sale up to 60% off | 16 - 31 Aug 2025","3020 | BU DIA | Engage| Gifts From The Heart Sale up to 60% off",45-54,male,537,1008,133,1,169,THB,0.26474478,35.21105633,16.76587302,35.21105633,2025-08-01,2025-08-31
"3020 | BU DIA | Msg | Gift For Mon Sale up to 60% off | 1-15 Aug 2025","3020 | BU DIA | Msg | Gift For Mom Sale up to 60% off (Msg)","3020 | BU DIA | Msg | Gift For Mon Sale up to 60% off",45-54,male,59,278,17,2,27,THB,1.91710995,16.29543459,9.71223022,32.59086917,2025-08-01,2025-08-31
"3020 | BU DIA | Engage | เลี้ยงมาด้วยใจ ตอบแทนด้วยเพชร ลดสูดสุด 60% | 1-12 Aug 68","3020 | BU DIA | Engage | เลี้ยงมาด้วยใจ ตอบแทนด้วยเพชร ลดสูดสุด 60% | 1-12 Aug 68","3020 | BU DIA | Engage | เลี้ยงมาด้วยใจ ตอบแทนด้วยเพชร ลดสูดสุด 60% | 1-12 Aug 68",25-34,male,764,1406,165,,204,THB,0.19315152,,14.50924609,31.87,2025-08-01,2025-08-31
"3020 | BU DIA | Engage | เลี้ยงมาด้วยใจ ตอบแทนด้วยเพชร ลดสูดสุด 60% | 1-12 Aug 68","3020 | BU DIA | Engage | เลี้ยงมาด้วยใจ ตอบแทนด้วยเพชร ลดสูดสุด 60% | 1-12 Aug 68","3020 | BU DIA | Engage | เลี้ยงมาด้วยใจ ตอบแทนด้วยเพชร ลดสูดสุด 60% | 1-12 Aug 68",35-44,male,721,1336,143,,171,THB,0.22090909,,12.7994012,31.59,2025-08-01,2025-08-31
"3020 | BU DIA | MSG| Gifts From The Heart Sale up to 60% off | 16 - 31 Aug 2025","3020 | BU DIA | MSG| Gifts From The Heart Sale up to 60% off | 16 - 31 Aug 2025","3020 | BU DIA | MSG| Gifts From The Heart Sale up to 60% off",65+,female,130,466,27,,45,THB,1.08740741,,9.65665236,29.36,2025-08-01,2025-08-31
"3020 | BU DIA | Engage | เลี้ยงมาด้วยใจ ตอบแทนด้วยเพชร ลดสูดสุด 60% | 1-12 Aug 68","3020 | BU DIA | Engage | เลี้ยงมาด้วยใจ ตอบแทนด้วยเพชร ลดสูดสุด 60% | 1-12 Aug 68","3020 | BU DIA | Engage | เลี้ยงมาด้วยใจ ตอบแทนด้วยเพชร ลดสูดสุด 60% | 1-12 Aug 68",65+,female,521,1059,154,,211,THB,0.18662338,,19.92445703,28.74,2025-08-01,2025-08-31
"3020 | BU DIA | Engage | Gift For Mon Sale up to 60% off | 1-15 Aug 2025","3020 | BU DIA | Engage | Gift For Mom Sale up to 60% off","3020 | BU DIA | Engage | Gift For Mon Sale up to 60% off",35-44,male,359,847,92,,106,THB,0.31043478,,12.51475797,28.56,2025-08-01,2025-08-31
"3020 | BU DIA | Engage | Gift For Mon Sale up to 60% off | 1-15 Aug 2025","3020 | BU DIA | Engage | Gift For Mom Sale up to 60% off","3020 | BU DIA | Engage | Gift For Mon Sale up to 60% off",25-34,male,413,853,74,,90,THB,0.35824324,,10.55099648,26.51,2025-08-01,2025-08-31
"3020 | BU DIA | Engage  | New Arrival | 7-31 Aug 2025","3020 | BU DIA | Engage  | New Arrival | 7-31 Aug 2025","3020 | BU DIA | Engage  | New Arrival | 7-31 Aug 2025",18-24,female,444,805,116,1,163,THB,0.22698276,26.33,20.2484472,26.33,2025-08-01,2025-08-31
"3020 | BU DIA | Engage  | New Arrival | 7-31 Aug 2025","3020 | BU DIA | Engage  | New Arrival | 7-31 Aug 2025","3020 | BU DIA | Engage  | New Arrival | 7-31 Aug 2025",45-54,male,342,615,77,,115,THB,0.32480519,,18.69918699,25.01,2025-08-01,2025-08-31
"3020 | BU DIA | MSG | เลี้ยงด้วยใจ เเทนคุณด้วยเพชร ลดสูงสุด 60% | 13-31 Aug 68","3020 | BU DIA | MSG | เลี้ยงด้วยใจ เเทนคุณด้วยเพชร ลดสูงสุด 60% | 13-31 Aug 68","3020 | BU DIA | MSG | เลี้ยงด้วยใจ เเทนคุณด้วยเพชร ลดสูงสุด 60% | 13-31 Aug 68",65+,male,37,91,8,1,10,THB,2.86628823,22.93030584,10.98901099,22.93030584,2025-08-01,2025-08-31
"3020 | BU DIA | Msg | Gift For Mon Sale up to 60% off | 1-15 Aug 2025","3020 | BU DIA | Msg | Gift For Mom Sale up to 60% off (Msg)","3020 | BU DIA | Msg | Gift For Mon Sale up to 60% off",65+,female,67,184,17,,21,THB,1.27826938,,11.41304348,21.73057954,2025-08-01,2025-08-31
"3020 | BU DIA | Engage | Gift For Mon Sale up to 60% off | 1-15 Aug 2025","3020 | BU DIA | Engage | Gift For Mom Sale up to 60% off","3020 | BU DIA | Engage | Gift For Mon Sale up to 60% off",45-54,male,262,620,61,,76,THB,0.35344262,,12.25806452,21.56,2025-08-01,2025-08-31
"3020 | BU DIA | MSG | เลี้ยงมาด้วยใจ ตอบแทนด้วยเพชร ลดสูดสุด 60% | 1-12 Aug 68 - สำเนา","3020 | BU DIA | MSG | เลี้ยงมาด้วยใจ ตอบแทนด้วยเพชร ลดสูดสุด 60% | 1-12 Aug 68 - สำเนา","3020 | BU DIA | MSG | เลี้ยงมาด้วยใจ ตอบแทนด้วยเพชร ลดสูดสุด 60% | 1-12 Aug 68 - สำเนา",65+,male,819,1178,6,,6,THB,3.366532,,0.50933786,20.19919201,2025-08-01,2025-08-31
"3020 | BU DIA | Engage | Pearl Deals You Can't Miss Up to 60% Off | 1-31 Aug 68","3020 | BU DIA | Engage | Pearl Deals You Can't Miss Up to 60% Off | 1-31 Aug 68","3020 | BU DIA | Engage | Pearl Deals You Can't Miss Up to 60% Off | 1-31 Aug 68",55-64,male,230,475,29,,41,THB,0.67241379,,8.63157895,19.5,2025-08-01,2025-08-31
"3020 | BU DIA | Engage FB| Private Sale | 24 - 28 Aug 2025","3020 | BU DIA | Engage FB| Private Sale | 24 - 28 Aug 2025","3020 | BU DIA | Engage FB| Private Sale | 24 - 28 Aug 2025",45-54,male,259,520,44,,60,THB,0.4425,,11.53846154,19.47,2025-08-01,2025-08-31
"3020 | BU DIA | Engage | เลี้ยงมาด้วยใจ ตอบแทนด้วยเพชร ลดสูดสุด 60% | 1-12 Aug 68","3020 | BU DIA | Engage | เลี้ยงมาด้วยใจ ตอบแทนด้วยเพชร ลดสูดสุด 60% | 1-12 Aug 68","3020 | BU DIA | Engage | เลี้ยงมาด้วยใจ ตอบแทนด้วยเพชร ลดสูดสุด 60% | 1-12 Aug 68",45-54,male,379,736,106,,135,THB,0.17924528,,18.3423913,19,2025-08-01,2025-08-31
"3020 | BU DIA | Engage  | New Arrival | 7-31 Aug 2025","3020 | BU DIA | Engage  | New Arrival | 7-31 Aug 2025","3020 | BU DIA | Engage  | New Arrival | 7-31 Aug 2025",65+,female,270,527,55,,87,THB,0.34036364,,16.5085389,18.72,2025-08-01,2025-08-31
"3020 | BU DIA | MSG | เลี้ยงมาด้วยใจ ตอบแทนด้วยเพชร ลดสูดสุด 60% | 1-12 Aug 68 - สำเนา","3020 | BU DIA | MSG | เลี้ยงมาด้วยใจ ตอบแทนด้วยเพชร ลดสูดสุด 60% | 1-12 Aug 68 - สำเนา","3020 | BU DIA | MSG | เลี้ยงมาด้วยใจ ตอบแทนด้วยเพชร ลดสูดสุด 60% | 1-12 Aug 68 - สำเนา",55-64,male,1260,1740,9,1,8,THB,1.9732544,17.7592896,0.45977011,17.7592896,2025-08-01,2025-08-31
"3020 | BU DIA | Engage | เลี้ยงด้วยใจ เเทนคุณด้วยเพชร ลดสูงสุด 60% | 13-31 Aug 68","3020 | BU DIA | Engage | เลี้ยงด้วยใจ เเทนคุณด้วยเพชร ลดสูงสุด 60% | 13-31 Aug 68","3020 | BU DIA | Engage | เลี้ยงด้วยใจ เเทนคุณด้วยเพชร ลดสูงสุด 60% | 13-31 Aug 68",65+,male,242,371,31,1,42,THB,0.53395107,16.55248326,11.32075472,16.55248326,2025-08-01,2025-08-31
"3020 | BU DIA | Engage| Gifts From The Heart Sale up to 60% off | 16 - 31 Aug 2025","3020 | BU DIA | Engage| Gifts From The Heart Sale up to 60% off | 16 - 31 Aug 2025","3020 | BU DIA | Engage| Gifts From The Heart Sale up to 60% off",55-64,male,197,365,38,1,38,THB,0.37185326,14.13042391,10.4109589,14.13042391,2025-08-01,2025-08-31
"3020 | BU DIA | Engage FB| Tinder x Aurora Diamond  | 18 - 30 Aug 2025","3020 | BU DIA | Engage FB| Tinder x Aurora Diamond  | 18 - 30 Aug 2025","3020 | BU DIA | Engage FB| Tinder x Aurora Diamond  | 18 - 30 Aug 2025",25-34,unknown,209,342,14,,11,THB,0.93427637,,3.21637427,13.0798692,2025-08-01,2025-08-31
"3020 | BU DIA | Engage | Gift For Mon Sale up to 60% off | 1-15 Aug 2025","3020 | BU DIA | Engage | Gift For Mom Sale up to 60% off","3020 | BU DIA | Engage | Gift For Mon Sale up to 60% off",55-64,male,100,292,33,,38,THB,0.35878788,,13.01369863,11.84,2025-08-01,2025-08-31
"3020 | BU DIA | MSG | เลี้ยงด้วยใจ เเทนคุณด้วยเพชร ลดสูงสุด 60% | 13-31 Aug 68","3020 | BU DIA | MSG | เลี้ยงด้วยใจ เเทนคุณด้วยเพชร ลดสูงสุด 60% | 13-31 Aug 68","3020 | BU DIA | MSG | เลี้ยงด้วยใจ เเทนคุณด้วยเพชร ลดสูงสุด 60% | 13-31 Aug 68",55-64,male,59,125,6,,9,THB,1.95669276,,7.2,11.74015659,2025-08-01,2025-08-31
"3020 | BU DIA | MSG| Gifts From The Heart Sale up to 60% off | 16 - 31 Aug 2025","3020 | BU DIA | MSG| Gifts From The Heart Sale up to 60% off | 16 - 31 Aug 2025","3020 | BU DIA | MSG| Gifts From The Heart Sale up to 60% off",55-64,male,45,106,7,,8,THB,1.66428571,,7.54716981,11.65,2025-08-01,2025-08-31
"3020 | BU DIA | Engage | Pearl Deals You Can't Miss Up to 60% Off | 1-31 Aug 68","3020 | BU DIA | Engage | Pearl Deals You Can't Miss Up to 60% Off | 1-31 Aug 68","3020 | BU DIA | Engage | Pearl Deals You Can't Miss Up to 60% Off | 1-31 Aug 68",18-24,male,177,247,24,1,25,THB,0.44333333,10.64,10.12145749,10.64,2025-08-01,2025-08-31
"3020 | BU DIA | Engage FB| Tinder x Aurora Diamond  | 18 - 30 Aug 2025","3020 | BU DIA | Engage FB| Tinder x Aurora Diamond  | 18 - 30 Aug 2025","3020 | BU DIA | Engage FB| Tinder x Aurora Diamond  | 18 - 30 Aug 2025",18-24,unknown,112,160,6,1,3,THB,1.6899831,10.1398986,1.875,10.1398986,2025-08-01,2025-08-31
"3020 | BU DIA | Engage | Pearl Deals You Can't Miss Up to 60% Off | 1-31 Aug 68","3020 | BU DIA | Engage | Pearl Deals You Can't Miss Up to 60% Off | 1-31 Aug 68","3020 | BU DIA | Engage | Pearl Deals You Can't Miss Up to 60% Off | 1-31 Aug 68",65+,male,98,206,25,,27,THB,0.392,,13.10679612,9.8,2025-08-01,2025-08-31
"3020 | BU DIA | Engage FB| Private Sale | 24 - 28 Aug 2025","3020 | BU DIA | Engage FB| Private Sale | 24 - 28 Aug 2025","3020 | BU DIA | Engage FB| Private Sale | 24 - 28 Aug 2025",55-64,male,108,220,19,,20,THB,0.47210526,,9.09090909,8.97,2025-08-01,2025-08-31
"3020 | BU DIA | Engage  | New Arrival | 7-31 Aug 2025","3020 | BU DIA | Engage  | New Arrival | 7-31 Aug 2025","3020 | BU DIA | Engage  | New Arrival | 7-31 Aug 2025",55-64,male,92,228,39,,58,THB,0.22871795,,25.43859649,8.92,2025-08-01,2025-08-31
"3020 | BU DIA | Engage | เลี้ยงมาด้วยใจ ตอบแทนด้วยเพชร ลดสูดสุด 60% | 1-12 Aug 68","3020 | BU DIA | Engage | เลี้ยงมาด้วยใจ ตอบแทนด้วยเพชร ลดสูดสุด 60% | 1-12 Aug 68","3020 | BU DIA | Engage | เลี้ยงมาด้วยใจ ตอบแทนด้วยเพชร ลดสูดสุด 60% | 1-12 Aug 68",55-64,male,133,305,42,,55,THB,0.20595238,,18.03278689,8.65,2025-08-01,2025-08-31
"3020 | BU DIA | MSG| Gifts From The Heart Sale up to 60% off | 16 - 31 Aug 2025","3020 | BU DIA | MSG| Gifts From The Heart Sale up to 60% off | 16 - 31 Aug 2025","3020 | BU DIA | MSG| Gifts From The Heart Sale up to 60% off",65+,male,27,70,4,1,4,THB,2.1,8.4,5.71428571,8.4,2025-08-01,2025-08-31
"3020 | BU DIA | Engage FB| Private Sale | 24 - 28 Aug 2025","3020 | BU DIA | Engage FB| Private Sale | 24 - 28 Aug 2025","3020 | BU DIA | Engage FB| Private Sale | 24 - 28 Aug 2025",18-24,male,173,242,14,,18,THB,0.55214286,,7.43801653,7.73,2025-08-01,2025-08-31
"3020 | BU DIA | Engage | Pearl Deals You Can't Miss Up to 60% Off | 1-31 Aug 68","3020 | BU DIA | Engage | Pearl Deals You Can't Miss Up to 60% Off | 1-31 Aug 68","3020 | BU DIA | Engage | Pearl Deals You Can't Miss Up to 60% Off | 1-31 Aug 68",45-54,unknown,39,107,5,,11,THB,1.04,,10.28037383,5.2,2025-08-01,2025-08-31
"3020 | BU DIA | Engage| Gifts From The Heart Sale up to 60% off | 16 - 31 Aug 2025","3020 | BU DIA | Engage| Gifts From The Heart Sale up to 60% off | 16 - 31 Aug 2025","3020 | BU DIA | Engage| Gifts From The Heart Sale up to 60% off",65+,male,68,99,11,,15,THB,0.42910378,,15.15151515,4.7201416,2025-08-01,2025-08-31
"3020 | BU DIA | Engage FB| Private Sale | 24 - 28 Aug 2025","3020 | BU DIA | Engage FB| Private Sale | 24 - 28 Aug 2025","3020 | BU DIA | Engage FB| Private Sale | 24 - 28 Aug 2025",65+,male,70,109,9,,11,THB,0.51444444,,10.09174312,4.63,2025-08-01,2025-08-31
"3020 | BU DIA | Engage FB| Tinder x Aurora Diamond  | 18 - 30 Aug 2025","3020 | BU DIA | Engage FB| Tinder x Aurora Diamond  | 18 - 30 Aug 2025","3020 | BU DIA | Engage FB| Tinder x Aurora Diamond  | 18 - 30 Aug 2025",35-44,unknown,102,158,5,,3,THB,0.84199158,,1.89873418,4.2099579,2025-08-01,2025-08-31
"3020 | BU DIA | Engage FB| Private Sale | 24 - 28 Aug 2025","3020 | BU DIA | Engage FB| Private Sale | 24 - 28 Aug 2025","3020 | BU DIA | Engage FB| Private Sale | 24 - 28 Aug 2025",35-44,unknown,61,119,13,,20,THB,0.31692308,,16.80672269,4.12,2025-08-01,2025-08-31
"3020 | BU DIA | Engage  | New Arrival | 7-31 Aug 2025","3020 | BU DIA | Engage  | New Arrival | 7-31 Aug 2025","3020 | BU DIA | Engage  | New Arrival | 7-31 Aug 2025",18-24,male,62,111,20,,21,THB,0.2045,,18.91891892,4.09,2025-08-01,2025-08-31
"3020 | BU DIA | MSG| Gifts From The Heart Sale up to 60% off | 16 - 31 Aug 2025","3020 | BU DIA | MSG| Gifts From The Heart Sale up to 60% off | 16 - 31 Aug 2025","3020 | BU DIA | MSG| Gifts From The Heart Sale up to 60% off",35-44,unknown,26,61,2,,4,THB,1.795,,6.55737705,3.59,2025-08-01,2025-08-31
"3020 | BU DIA | Engage  | New Arrival | 7-31 Aug 2025","3020 | BU DIA | Engage  | New Arrival | 7-31 Aug 2025","3020 | BU DIA | Engage  | New Arrival | 7-31 Aug 2025",65+,male,44,83,10,,13,THB,0.333,,15.6626506,3.33,2025-08-01,2025-08-31
"3020 | BU DIA | Engage | เลี้ยงมาด้วยใจ ตอบแทนด้วยเพชร ลดสูดสุด 60% | 1-12 Aug 68","3020 | BU DIA | Engage | เลี้ยงมาด้วยใจ ตอบแทนด้วยเพชร ลดสูดสุด 60% | 1-12 Aug 68","3020 | BU DIA | Engage | เลี้ยงมาด้วยใจ ตอบแทนด้วยเพชร ลดสูดสุด 60% | 1-12 Aug 68",35-44,unknown,53,102,8,,10,THB,0.34875,,9.80392157,2.79,2025-08-01,2025-08-31
"3020 | BU DIA | Engage | Gift For Mon Sale up to 60% off | 1-15 Aug 2025","3020 | BU DIA | Engage | Gift For Mom Sale up to 60% off","3020 | BU DIA | Engage | Gift For Mon Sale up to 60% off",65+,male,44,68,4,,7,THB,0.6725,,10.29411765,2.69,2025-08-01,2025-08-31
"3020 | BU DIA | Engage  | New Arrival | 7-31 Aug 2025","3020 | BU DIA | Engage  | New Arrival | 7-31 Aug 2025","3020 | BU DIA | Engage  | New Arrival | 7-31 Aug 2025",35-44,unknown,35,72,13,,28,THB,0.19923077,,38.88888889,2.59,2025-08-01,2025-08-31
"3020 | BU DIA | Engage | เลี้ยงด้วยใจ เเทนคุณด้วยเพชร ลดสูงสุด 60% | 13-31 Aug 68","3020 | BU DIA | Engage | เลี้ยงด้วยใจ เเทนคุณด้วยเพชร ลดสูงสุด 60% | 13-31 Aug 68","3020 | BU DIA | Engage | เลี้ยงด้วยใจ เเทนคุณด้วยเพชร ลดสูงสุด 60% | 13-31 Aug 68",45-54,unknown,27,49,3,,4,THB,0.84012604,,8.16326531,2.52037812,2025-08-01,2025-08-31
"3020 | BU DIA | MSG | เลี้ยงมาด้วยใจ ตอบแทนด้วยเพชร ลดสูดสุด 60% | 1-12 Aug 68 - สำเนา","3020 | BU DIA | MSG | เลี้ยงมาด้วยใจ ตอบแทนด้วยเพชร ลดสูดสุด 60% | 1-12 Aug 68 - สำเนา","3020 | BU DIA | MSG | เลี้ยงมาด้วยใจ ตอบแทนด้วยเพชร ลดสูดสุด 60% | 1-12 Aug 68 - สำเนา",35-44,unknown,21,38,2,,2,THB,1.2349506,,5.26315789,2.4699012,2025-08-01,2025-08-31
"3020 | BU DIA | Engage | Pearl Deals You Can't Miss Up to 60% Off | 1-31 Aug 68","3020 | BU DIA | Engage | Pearl Deals You Can't Miss Up to 60% Off | 1-31 Aug 68","3020 | BU DIA | Engage | Pearl Deals You Can't Miss Up to 60% Off | 1-31 Aug 68",35-44,unknown,42,56,2,,4,THB,1.21,,7.14285714,2.42,2025-08-01,2025-08-31
"3020 | BU DIA | Engage| Gifts From The Heart Sale up to 60% off | 16 - 31 Aug 2025","3020 | BU DIA | Engage| Gifts From The Heart Sale up to 60% off | 16 - 31 Aug 2025","3020 | BU DIA | Engage| Gifts From The Heart Sale up to 60% off",45-54,unknown,38,68,7,,7,THB,0.33143851,,10.29411765,2.3200696,2025-08-01,2025-08-31
"3020 | BU DIA | MSG | เลี้ยงด้วยใจ เเทนคุณด้วยเพชร ลดสูงสุด 60% | 13-31 Aug 68","3020 | BU DIA | MSG | เลี้ยงด้วยใจ เเทนคุณด้วยเพชร ลดสูงสุด 60% | 13-31 Aug 68","3020 | BU DIA | MSG | เลี้ยงด้วยใจ เเทนคุณด้วยเพชร ลดสูงสุด 60% | 13-31 Aug 68",35-44,unknown,15,25,,,2,THB,,,8,2.32003094,2025-08-01,2025-08-31
"3020 | BU DIA | Engage | เลี้ยงมาด้วยใจ ตอบแทนด้วยเพชร ลดสูดสุด 60% | 1-12 Aug 68","3020 | BU DIA | Engage | เลี้ยงมาด้วยใจ ตอบแทนด้วยเพชร ลดสูดสุด 60% | 1-12 Aug 68","3020 | BU DIA | Engage | เลี้ยงมาด้วยใจ ตอบแทนด้วยเพชร ลดสูดสุด 60% | 1-12 Aug 68",65+,male,54,83,11,,12,THB,0.21,,14.45783133,2.31,2025-08-01,2025-08-31
"3020 | BU DIA | Engage FB| Private Sale | 24 - 28 Aug 2025","3020 | BU DIA | Engage FB| Private Sale | 24 - 28 Aug 2025","3020 | BU DIA | Engage FB| Private Sale | 24 - 28 Aug 2025",45-54,unknown,28,58,11,,15,THB,0.19818182,,25.86206897,2.18,2025-08-01,2025-08-31
"3020 | BU DIA | Engage FB| Private Sale | 24 - 28 Aug 2025","3020 | BU DIA | Engage FB| Private Sale | 24 - 28 Aug 2025","3020 | BU DIA | Engage FB| Private Sale | 24 - 28 Aug 2025",25-34,unknown,39,57,2,,2,THB,1.075,,3.50877193,2.15,2025-08-01,2025-08-31
"3020 | BU DIA | Engage FB| Tinder x Aurora Diamond  | 18 - 30 Aug 2025","3020 | BU DIA | Engage FB| Tinder x Aurora Diamond  | 18 - 30 Aug 2025","3020 | BU DIA | Engage FB| Tinder x Aurora Diamond  | 18 - 30 Aug 2025",45-54,unknown,55,75,5,,5,THB,0.41399586,,6.66666667,2.0699793,2025-08-01,2025-08-31
"3020 | BU DIA | Engage| Gifts From The Heart Sale up to 60% off | 16 - 31 Aug 2025","3020 | BU DIA | Engage| Gifts From The Heart Sale up to 60% off | 16 - 31 Aug 2025","3020 | BU DIA | Engage| Gifts From The Heart Sale up to 60% off",35-44,unknown,41,67,7,,8,THB,0.26429364,,11.94029851,1.8500555,2025-08-01,2025-08-31
"3020 | BU DIA | Engage | Gift For Mon Sale up to 60% off | 1-15 Aug 2025","3020 | BU DIA | Engage | Gift For Mom Sale up to 60% off","3020 | BU DIA | Engage | Gift For Mon Sale up to 60% off",45-54,unknown,20,42,9,,13,THB,0.20555556,,30.95238095,1.85,2025-08-01,2025-08-31
"3020 | BU DIA | MSG| Gifts From The Heart Sale up to 60% off | 16 - 31 Aug 2025","3020 | BU DIA | MSG| Gifts From The Heart Sale up to 60% off | 16 - 31 Aug 2025","3020 | BU DIA | MSG| Gifts From The Heart Sale up to 60% off",25-34,unknown,22,38,4,,4,THB,0.4575,,10.52631579,1.83,2025-08-01,2025-08-31
"3020 | BU DIA | Engage | เลี้ยงมาด้วยใจ ตอบแทนด้วยเพชร ลดสูดสุด 60% | 1-12 Aug 68","3020 | BU DIA | Engage | เลี้ยงมาด้วยใจ ตอบแทนด้วยเพชร ลดสูดสุด 60% | 1-12 Aug 68","3020 | BU DIA | Engage | เลี้ยงมาด้วยใจ ตอบแทนด้วยเพชร ลดสูดสุด 60% | 1-12 Aug 68",45-54,unknown,33,62,8,,10,THB,0.22875,,16.12903226,1.83,2025-08-01,2025-08-31
"3020 | BU DIA | Engage  | New Arrival | 7-31 Aug 2025","3020 | BU DIA | Engage  | New Arrival | 7-31 Aug 2025","3020 | BU DIA | Engage  | New Arrival | 7-31 Aug 2025",25-34,unknown,38,63,4,,5,THB,0.455,,7.93650794,1.82,2025-08-01,2025-08-31
"3020 | BU DIA | Engage | Gift For Mon Sale up to 60% off | 1-15 Aug 2025","3020 | BU DIA | Engage | Gift For Mom Sale up to 60% off","3020 | BU DIA | Engage | Gift For Mon Sale up to 60% off",35-44,unknown,28,49,9,,9,THB,0.17888889,,18.36734694,1.61,2025-08-01,2025-08-31
"3020 | BU DIA | Engage | เลี้ยงมาด้วยใจ ตอบแทนด้วยเพชร ลดสูดสุด 60% | 1-12 Aug 68","3020 | BU DIA | Engage | เลี้ยงมาด้วยใจ ตอบแทนด้วยเพชร ลดสูดสุด 60% | 1-12 Aug 68","3020 | BU DIA | Engage | เลี้ยงมาด้วยใจ ตอบแทนด้วยเพชร ลดสูดสุด 60% | 1-12 Aug 68",25-34,unknown,42,58,9,,11,THB,0.16888889,,18.96551724,1.52,2025-08-01,2025-08-31
"3020 | BU DIA | Engage | Pearl Deals You Can't Miss Up to 60% Off | 1-31 Aug 68","3020 | BU DIA | Engage | Pearl Deals You Can't Miss Up to 60% Off | 1-31 Aug 68","3020 | BU DIA | Engage | Pearl Deals You Can't Miss Up to 60% Off | 1-31 Aug 68",25-34,unknown,20,27,1,,4,THB,1.52,,14.81481481,1.52,2025-08-01,2025-08-31
"3020 | BU DIA | Engage| Gifts From The Heart Sale up to 60% off | 16 - 31 Aug 2025","3020 | BU DIA | Engage| Gifts From The Heart Sale up to 60% off | 16 - 31 Aug 2025","3020 | BU DIA | Engage| Gifts From The Heart Sale up to 60% off",25-34,unknown,29,44,5,,5,THB,0.29200876,,11.36363636,1.4600438,2025-08-01,2025-08-31
"3020 | BU DIA | Engage | Gift For Mon Sale up to 60% off | 1-15 Aug 2025","3020 | BU DIA | Engage | Gift For Mom Sale up to 60% off","3020 | BU DIA | Engage | Gift For Mon Sale up to 60% off",25-34,unknown,18,32,5,,6,THB,0.258,,18.75,1.29,2025-08-01,2025-08-31
"3020 | BU DIA | MSG | เลี้ยงด้วยใจ เเทนคุณด้วยเพชร ลดสูงสุด 60% | 13-31 Aug 68","3020 | BU DIA | MSG | เลี้ยงด้วยใจ เเทนคุณด้วยเพชร ลดสูงสุด 60% | 13-31 Aug 68","3020 | BU DIA | MSG | เลี้ยงด้วยใจ เเทนคุณด้วยเพชร ลดสูงสุด 60% | 13-31 Aug 68",45-54,unknown,7,16,5,,5,THB,0.25400339,,31.25,1.27001694,2025-08-01,2025-08-31
"3020 | BU DIA | Engage  | New Arrival | 7-31 Aug 2025","3020 | BU DIA | Engage  | New Arrival | 7-31 Aug 2025","3020 | BU DIA | Engage  | New Arrival | 7-31 Aug 2025",45-54,unknown,22,44,2,,5,THB,0.625,,11.36363636,1.25,2025-08-01,2025-08-31
"3020 | BU DIA | MSG| Gifts From The Heart Sale up to 60% off | 16 - 31 Aug 2025","3020 | BU DIA | MSG| Gifts From The Heart Sale up to 60% off | 16 - 31 Aug 2025","3020 | BU DIA | MSG| Gifts From The Heart Sale up to 60% off",45-54,unknown,8,26,1,,2,THB,1.18,,7.69230769,1.18,2025-08-01,2025-08-31
"3020 | BU DIA | Msg | Gift For Mon Sale up to 60% off | 1-15 Aug 2025","3020 | BU DIA | Msg | Gift For Mom Sale up to 60% off (Msg)","3020 | BU DIA | Msg | Gift For Mon Sale up to 60% off",35-44,unknown,6,18,,,0,THB,,,0,1.16003094,2025-08-01,2025-08-31
"3020 | BU DIA | Engage | เลี้ยงด้วยใจ เเทนคุณด้วยเพชร ลดสูงสุด 60% | 13-31 Aug 68","3020 | BU DIA | Engage | เลี้ยงด้วยใจ เเทนคุณด้วยเพชร ลดสูงสุด 60% | 13-31 Aug 68","3020 | BU DIA | Engage | เลี้ยงด้วยใจ เเทนคุณด้วยเพชร ลดสูงสุด 60% | 13-31 Aug 68",25-34,unknown,15,19,1,,1,THB,0.92013804,,5.26315789,0.92013804,2025-08-01,2025-08-31
"3020 | BU DIA | Engage FB| Tinder x Aurora Diamond  | 18 - 30 Aug 2025","3020 | BU DIA | Engage FB| Tinder x Aurora Diamond  | 18 - 30 Aug 2025","3020 | BU DIA | Engage FB| Tinder x Aurora Diamond  | 18 - 30 Aug 2025",55-64,unknown,23,31,,,0,THB,,,0,0.899991,2025-08-01,2025-08-31
"3020 | BU DIA | Msg | Gift For Mon Sale up to 60% off | 1-15 Aug 2025","3020 | BU DIA | Msg | Gift For Mom Sale up to 60% off (Msg)","3020 | BU DIA | Msg | Gift For Mon Sale up to 60% off",55-64,male,29,34,,,0,THB,,,0,0.86002294,2025-08-01,2025-08-31
"3020 | BU DIA | Engage | Pearl Deals You Can't Miss Up to 60% Off | 1-31 Aug 68","3020 | BU DIA | Engage | Pearl Deals You Can't Miss Up to 60% Off | 1-31 Aug 68","3020 | BU DIA | Engage | Pearl Deals You Can't Miss Up to 60% Off | 1-31 Aug 68",65+,unknown,4,7,1,,1,THB,0.81,,14.28571429,0.81,2025-08-01,2025-08-31
"3020 | BU DIA | MSG | เลี้ยงมาด้วยใจ ตอบแทนด้วยเพชร ลดสูดสุด 60% | 1-12 Aug 68 - สำเนา","3020 | BU DIA | MSG | เลี้ยงมาด้วยใจ ตอบแทนด้วยเพชร ลดสูดสุด 60% | 1-12 Aug 68 - สำเนา","3020 | BU DIA | MSG | เลี้ยงมาด้วยใจ ตอบแทนด้วยเพชร ลดสูดสุด 60% | 1-12 Aug 68 - สำเนา",55-64,unknown,4,9,2,,1,THB,0.4049838,,11.11111111,0.8099676,2025-08-01,2025-08-31
"3020 | BU DIA | Engage | Pearl Deals You Can't Miss Up to 60% Off | 1-31 Aug 68","3020 | BU DIA | Engage | Pearl Deals You Can't Miss Up to 60% Off | 1-31 Aug 68","3020 | BU DIA | Engage | Pearl Deals You Can't Miss Up to 60% Off | 1-31 Aug 68",18-24,unknown,5,7,4,,3,THB,0.195,,42.85714286,0.78,2025-08-01,2025-08-31
"3020 | BU DIA | MSG | เลี้ยงมาด้วยใจ ตอบแทนด้วยเพชร ลดสูดสุด 60% | 1-12 Aug 68 - สำเนา","3020 | BU DIA | MSG | เลี้ยงมาด้วยใจ ตอบแทนด้วยเพชร ลดสูดสุด 60% | 1-12 Aug 68 - สำเนา","3020 | BU DIA | MSG | เลี้ยงมาด้วยใจ ตอบแทนด้วยเพชร ลดสูดสุด 60% | 1-12 Aug 68 - สำเนา",25-34,unknown,11,14,2,,3,THB,0.3149874,,21.42857143,0.6299748,2025-08-01,2025-08-31
"3020 | BU DIA | Engage | เลี้ยงด้วยใจ เเทนคุณด้วยเพชร ลดสูงสุด 60% | 13-31 Aug 68","3020 | BU DIA | Engage | เลี้ยงด้วยใจ เเทนคุณด้วยเพชร ลดสูงสุด 60% | 13-31 Aug 68","3020 | BU DIA | Engage | เลี้ยงด้วยใจ เเทนคุณด้วยเพชร ลดสูงสุด 60% | 13-31 Aug 68",35-44,unknown,9,15,4,,4,THB,0.15502326,,26.66666667,0.62009303,2025-08-01,2025-08-31
"3020 | BU DIA | Msg | Gift For Mon Sale up to 60% off | 1-15 Aug 2025","3020 | BU DIA | Msg | Gift For Mom Sale up to 60% off (Msg)","3020 | BU DIA | Msg | Gift For Mon Sale up to 60% off",45-54,unknown,4,13,1,,2,THB,0.61001627,,15.38461538,0.61001627,2025-08-01,2025-08-31
"3020 | BU DIA | MSG | เลี้ยงมาด้วยใจ ตอบแทนด้วยเพชร ลดสูดสุด 60% | 1-12 Aug 68 - สำเนา","3020 | BU DIA | MSG | เลี้ยงมาด้วยใจ ตอบแทนด้วยเพชร ลดสูดสุด 60% | 1-12 Aug 68 - สำเนา","3020 | BU DIA | MSG | เลี้ยงมาด้วยใจ ตอบแทนด้วยเพชร ลดสูดสุด 60% | 1-12 Aug 68 - สำเนา",45-54,unknown,8,14,3,,3,THB,0.2033252,,21.42857143,0.6099756,2025-08-01,2025-08-31
"3020 | BU DIA | Msg | Gift For Mon Sale up to 60% off | 1-15 Aug 2025","3020 | BU DIA | Msg | Gift For Mom Sale up to 60% off (Msg)","3020 | BU DIA | Msg | Gift For Mon Sale up to 60% off",65+,male,24,38,,,0,THB,,,0,0.58001547,2025-08-01,2025-08-31
"3020 | BU DIA | Engage FB| Private Sale | 24 - 28 Aug 2025","3020 | BU DIA | Engage FB| Private Sale | 24 - 28 Aug 2025","3020 | BU DIA | Engage FB| Private Sale | 24 - 28 Aug 2025",18-24,unknown,13,17,1,,1,THB,0.55,,5.88235294,0.55,2025-08-01,2025-08-31
"3020 | BU DIA | Engage FB| Private Sale | 24 - 28 Aug 2025","3020 | BU DIA | Engage FB| Private Sale | 24 - 28 Aug 2025","3020 | BU DIA | Engage FB| Private Sale | 24 - 28 Aug 2025",65+,unknown,6,10,,,0,THB,,,0,0.49,2025-08-01,2025-08-31
"3020 | BU DIA | MSG | เลี้ยงด้วยใจ เเทนคุณด้วยเพชร ลดสูงสุด 60% | 13-31 Aug 68","3020 | BU DIA | MSG | เลี้ยงด้วยใจ เเทนคุณด้วยเพชร ลดสูงสุด 60% | 13-31 Aug 68","3020 | BU DIA | MSG | เลี้ยงด้วยใจ เเทนคุณด้วยเพชร ลดสูงสุด 60% | 13-31 Aug 68",25-34,unknown,7,10,2,,2,THB,0.2100028,,20,0.4200056,2025-08-01,2025-08-31
"3020 | BU DIA | Engage | เลี้ยงด้วยใจ เเทนคุณด้วยเพชร ลดสูงสุด 60% | 13-31 Aug 68","3020 | BU DIA | Engage | เลี้ยงด้วยใจ เเทนคุณด้วยเพชร ลดสูงสุด 60% | 13-31 Aug 68","3020 | BU DIA | Engage | เลี้ยงด้วยใจ เเทนคุณด้วยเพชร ลดสูงสุด 60% | 13-31 Aug 68",65+,unknown,5,6,,,0,THB,,,0,0.37005552,2025-08-01,2025-08-31
"3020 | BU DIA | Engage | Pearl Deals You Can't Miss Up to 60% Off | 1-31 Aug 68","3020 | BU DIA | Engage | Pearl Deals You Can't Miss Up to 60% Off | 1-31 Aug 68","3020 | BU DIA | Engage | Pearl Deals You Can't Miss Up to 60% Off | 1-31 Aug 68",55-64,unknown,5,6,,,0,THB,,,0,0.32,2025-08-01,2025-08-31
"3020 | BU DIA | Engage | Gift For Mon Sale up to 60% off | 1-15 Aug 2025","3020 | BU DIA | Engage | Gift For Mom Sale up to 60% off","3020 | BU DIA | Engage | Gift For Mon Sale up to 60% off",55-64,unknown,2,5,,,0,THB,,,0,0.21,2025-08-01,2025-08-31
"3020 | BU DIA | Engage FB| Tinder x Aurora Diamond  | 18 - 30 Aug 2025","3020 | BU DIA | Engage FB| Tinder x Aurora Diamond  | 18 - 30 Aug 2025","3020 | BU DIA | Engage FB| Tinder x Aurora Diamond  | 18 - 30 Aug 2025",65+,unknown,17,29,,,0,THB,,,0,0.199998,2025-08-01,2025-08-31
"3020 | BU DIA | Engage  | New Arrival | 7-31 Aug 2025","3020 | BU DIA | Engage  | New Arrival | 7-31 Aug 2025","3020 | BU DIA | Engage  | New Arrival | 7-31 Aug 2025",18-24,unknown,2,3,1,,1,THB,0.19,,33.33333333,0.19,2025-08-01,2025-08-31
"3020 | BU DIA | Engage | เลี้ยงด้วยใจ เเทนคุณด้วยเพชร ลดสูงสุด 60% | 13-31 Aug 68","3020 | BU DIA | Engage | เลี้ยงด้วยใจ เเทนคุณด้วยเพชร ลดสูงสุด 60% | 13-31 Aug 68","3020 | BU DIA | Engage | เลี้ยงด้วยใจ เเทนคุณด้วยเพชร ลดสูงสุด 60% | 13-31 Aug 68",55-64,unknown,5,5,1,,1,THB,0.18002701,,20,0.18002701,2025-08-01,2025-08-31
"3020 | BU DIA | Engage | Gift For Mon Sale up to 60% off | 1-15 Aug 2025","3020 | BU DIA | Engage | Gift For Mom Sale up to 60% off","3020 | BU DIA | Engage | Gift For Mon Sale up to 60% off",65+,unknown,2,3,1,,1,THB,0.17,,33.33333333,0.17,2025-08-01,2025-08-31
"3020 | BU DIA | MSG | เลี้ยงด้วยใจ เเทนคุณด้วยเพชร ลดสูงสุด 60% | 13-31 Aug 68","3020 | BU DIA | MSG | เลี้ยงด้วยใจ เเทนคุณด้วยเพชร ลดสูงสุด 60% | 13-31 Aug 68","3020 | BU DIA | MSG | เลี้ยงด้วยใจ เเทนคุณด้วยเพชร ลดสูงสุด 60% | 13-31 Aug 68",55-64,unknown,2,2,,,0,THB,,,0,0.150002,2025-08-01,2025-08-31
"3020 | BU DIA | Engage FB| Private Sale | 24 - 28 Aug 2025","3020 | BU DIA | Engage FB| Private Sale | 24 - 28 Aug 2025","3020 | BU DIA | Engage FB| Private Sale | 24 - 28 Aug 2025",55-64,unknown,2,2,,,0,THB,,,0,0.14,2025-08-01,2025-08-31
"3020 | BU DIA | Engage| Gifts From The Heart Sale up to 60% off | 16 - 31 Aug 2025","3020 | BU DIA | Engage| Gifts From The Heart Sale up to 60% off | 16 - 31 Aug 2025","3020 | BU DIA | Engage| Gifts From The Heart Sale up to 60% off",55-64,unknown,4,5,1,,1,THB,0.1200036,,20,0.1200036,2025-08-01,2025-08-31
"3020 | BU DIA | Engage| Gifts From The Heart Sale up to 60% off | 16 - 31 Aug 2025","3020 | BU DIA | Engage| Gifts From The Heart Sale up to 60% off | 16 - 31 Aug 2025","3020 | BU DIA | Engage| Gifts From The Heart Sale up to 60% off",65+,unknown,3,4,,,2,THB,,,50,0.1200036,2025-08-01,2025-08-31
"3020 | BU DIA | Engage  | New Arrival | 7-31 Aug 2025","3020 | BU DIA | Engage  | New Arrival | 7-31 Aug 2025","3020 | BU DIA | Engage  | New Arrival | 7-31 Aug 2025",65+,unknown,2,7,1,,1,THB,0.12,,14.28571429,0.12,2025-08-01,2025-08-31
"3020 | BU DIA | Msg | Gift For Mon Sale up to 60% off | 1-15 Aug 2025","3020 | BU DIA | Msg | Gift For Mom Sale up to 60% off (Msg)","3020 | BU DIA | Msg | Gift For Mon Sale up to 60% off",25-34,unknown,3,4,,,0,THB,,,0,0.07000187,2025-08-01,2025-08-31
"3020 | BU DIA | Engage  | New Arrival | 7-31 Aug 2025","3020 | BU DIA | Engage  | New Arrival | 7-31 Aug 2025","3020 | BU DIA | Engage  | New Arrival | 7-31 Aug 2025",55-64,unknown,2,2,,,0,THB,,,0,0.07,2025-08-01,2025-08-31
"3020 | BU DIA | Engage | เลี้ยงมาด้วยใจ ตอบแทนด้วยเพชร ลดสูดสุด 60% | 1-12 Aug 68","3020 | BU DIA | Engage | เลี้ยงมาด้วยใจ ตอบแทนด้วยเพชร ลดสูดสุด 60% | 1-12 Aug 68","3020 | BU DIA | Engage | เลี้ยงมาด้วยใจ ตอบแทนด้วยเพชร ลดสูดสุด 60% | 1-12 Aug 68",65+,unknown,2,2,,,0,THB,,,0,0.04,2025-08-01,2025-08-31
"3020 | BU DIA | MSG| Gifts From The Heart Sale up to 60% off | 16 - 31 Aug 2025","3020 | BU DIA | MSG| Gifts From The Heart Sale up to 60% off | 16 - 31 Aug 2025","3020 | BU DIA | MSG| Gifts From The Heart Sale up to 60% off",55-64,unknown,1,1,2,,2,THB,0.005,,200,0.01,2025-08-01,2025-08-31
"3020 | BU DIA | Engage | Celebrate your July | 29-31 Jul 68","3020 | BU DIA | Engage | Celebrate your July | 29-31 Jul 68","3020 | BU DIA | Engage | Celebrate your July | 29-31 Jul 68",25-34,female,0,0,,1,0,THB,,0,0,0,2025-08-01,2025-08-31
"3020 | BU DIA | Engage | Celebrate your July | 29-31 Jul 68","3020 | BU DIA | Engage | Celebrate your July | 29-31 Jul 68","3020 | BU DIA | Engage | Celebrate your July | 29-31 Jul 68",55-64,male,0,0,,1,0,THB,,0,0,0,2025-08-01,2025-08-31
"3020 | BU DIA | MSG | เลี้ยงด้วยใจ เเทนคุณด้วยเพชร ลดสูงสุด 60% | 13-31 Aug 68","3020 | BU DIA | MSG | เลี้ยงด้วยใจ เเทนคุณด้วยเพชร ลดสูงสุด 60% | 13-31 Aug 68","3020 | BU DIA | MSG | เลี้ยงด้วยใจ เเทนคุณด้วยเพชร ลดสูงสุด 60% | 13-31 Aug 68",65+,unknown,1,1,,,0,THB,,,0,0,2025-08-01,2025-08-31
