Campaign name,Ad name,Ad set name,Age,Gender,Reach,Impressions,Post engagements,Messaging conversations started,Clicks (all),Currency,Cost per post engagement,Cost per messaging conversation started,CTR (all),Amount spent (THB),Reporting starts,Reporting ends
2200 | DIA | Awareness | Mid Year Deals All in June | 1 - 30 June 26,Awareness | Mid Year Deals All in June | 1 - 30 June 26,2200 | DIA | Awareness | Mid Year Deals All in June | 1 - 30 June 26 [Other-Province],25-34,male,120588,179986,370,,154,THB,3.95110744,,0.08556221,1461.909754,1/6/2026,30/6/2026
2200 | DIA | Awareness | Love is Sparkle | 1 - 15 June 26,Awareness | Love is Sparkle | 1 - 15 June 26,2200 | DIA | Awareness | Love is Sparkle | 1 - 15 June 26 [Other-Province],25-34,male,94807,123650,281,1,125,THB,3.19737439,898.4622029,0.10109179,898.4622029,1/6/2026,30/6/2026
2200 | DIA | Awareness | Mid Year Deals All in June | 1 - 30 June 26,Awareness | Mid Year Deals All in June | 1 - 30 June 26,2200 | DIA | Awareness | Mid Year Deals All in June | 1 - 30 June 26 [Other-Province],35-44,male,72870,110618,200,,78,THB,4.43007956,,0.07051294,886.0159116,1/6/2026,30/6/2026
2200 | DIA | Awareness | NEW ARRIVALS | 16 - 30 June 26,Awareness | NEW ARRIVALS | 16 - 30 June 26,2200 | DIA | Awareness | NEW ARRIVALS | 16 - 30 June 26,25-34,male,67816,92808,79,,107,THB,10.88359186,,0.11529179,859.8037569,1/6/2026,30/6/2026
2200 | DIA | Awareness | MID YEAR SALE | 16 - 30 June 26,Awareness | MID YEAR SALE | 16 - 30 June 26,2200 | DIA | Awareness | MID YEAR SALE | 16 - 30 June 26,25-34,male,65043,87917,65,1,90,THB,12.67533044,823.8964783,0.10236928,823.8964783,1/6/2026,30/6/2026
2200 | DIA | Awareness | Love is Sparkle | 1 - 15 June 26,Awareness | Love is Sparkle | 1 - 15 June 26,2200 | DIA | Awareness | Love is Sparkle | 1 - 15 June 26 [Other-Province],35-44,male,75175,98830,240,1,104,THB,2.9516082,708.385968,0.10523121,708.385968,1/6/2026,30/6/2026
2200 | DIA | Awareness | Mid Year Deals All in June | 1 - 30 June 26,Awareness | Mid Year Deals All in June | 1 - 30 June 26,2200 | DIA | Awareness | Mid Year Deals All in June | 1 - 30 June 26 [Other-Province],45-54,male,57764,87561,163,1,60,THB,4.34205351,707.7547222,0.06852366,707.7547222,1/6/2026,30/6/2026
2200 | DIA | Awareness | Pearl with Pride | 1 - 30 June 26,Awareness | Pearl with Pride | 1 - 30 June 26,2200 | DIA | Awareness | Pearl with Pride | 1 - 30 June 26  [BKK],18-24,male,53112,76770,163,,63,THB,3.97347543,,0.08206331,647.6764956,1/6/2026,30/6/2026
2200 | DIA | Awareness | MID YEAR SALE | 16 - 30 June 26,Awareness | MID YEAR SALE | 16 - 30 June 26,2200 | DIA | Awareness | MID YEAR SALE | 16 - 30 June 26,35-44,male,50045,65995,39,,70,THB,15.85800947,,0.10606864,618.4623695,1/6/2026,30/6/2026
2200 | DIA | Awareness | Mid Year Deals All in June | 1 - 30 June 26,Awareness | Mid Year Deals All in June | 1 - 30 June 26,2200 | DIA | Awareness | Mid Year Deals All in June | 1 - 30 June 26 [Other-Province],55-64,male,49790,76222,194,,65,THB,3.17723769,,0.08527722,616.3841126,1/6/2026,30/6/2026
2200 | DIA | Awareness | NEW ARRIVALS | 16 - 30 June 26,Awareness | NEW ARRIVALS | 16 - 30 June 26,2200 | DIA | Awareness | NEW ARRIVALS | 16 - 30 June 26,18-24,male,41569,60134,36,,36,THB,16.94582669,,0.0598663,610.0497608,1/6/2026,30/6/2026
2200 | DIA | Message | Best Seller - สร้อยข้อมือเพชร | 12 - 30 June 26,Message | Best Seller - สร้อยข้อมือเพชร | 12 - 30 June 26,2200 | DIA | Message | Best Seller - สร้อยข้อมือเพชร | 12 - 30 June 26  [BKK],35-44,female,3382,9979,202,31,438,THB,2.92138614,19.03612903,4.38921736,590.12,1/6/2026,30/6/2026
2200 | DIA | Awareness | NEW ARRIVALS | 16 - 30 June 26,Awareness | NEW ARRIVALS | 16 - 30 June 26,2200 | DIA | Awareness | NEW ARRIVALS | 16 - 30 June 26,35-44,male,46839,63377,39,1,52,THB,15.0733181,587.8594058,0.08204869,587.8594058,1/6/2026,30/6/2026
2200 | DIA | Awareness | Love is Sparkle | 1 - 15 June 26,Awareness | Love is Sparkle | 1 - 15 June 26,2200 | DIA | Awareness | Love is Sparkle | 1 - 15 June 26 [BKK],25-34,male,64903,78966,250,1,116,THB,2.29160685,572.9017126,0.14689867,572.9017126,1/6/2026,30/6/2026
2200 | DIA | Awareness | Love is Sparkle | 1 - 15 June 26,Awareness | Love is Sparkle | 1 - 15 June 26,2200 | DIA | Awareness | Love is Sparkle | 1 - 15 June 26 [Other-Province],45-54,male,58567,77671,186,,62,THB,3.00891889,,0.07982387,559.6589141,1/6/2026,30/6/2026
2200 | Pearl | Message | Pearl with Pride | 1 - 30 June 26,Pearl | Message | Pearl with Pride | 1 - 30 June 26,2200 | Pearl | Message | Pearl with Pride | 1 - 30 June 26  [BKK],35-44,female,2668,6425,122,21,310,THB,4.44418856,25.81861926,4.82490272,542.1910046,1/6/2026,30/6/2026
2200 | DIA | Awareness | MID YEAR SALE | 16 - 30 June 26,Awareness | MID YEAR SALE | 16 - 30 June 26,2200 | DIA | Awareness | MID YEAR SALE | 16 - 30 June 26,45-54,male,35800,54670,23,,31,THB,23.26829146,,0.05670386,535.1707037,1/6/2026,30/6/2026
2200 | DIA | Awareness | Pearl with Pride | 1 - 30 June 26,Awareness | Pearl with Pride | 1 - 30 June 26,2200 | DIA | Awareness | Pearl with Pride | 1 - 30 June 26  [BKK],18-24,female,44235,59151,201,,97,THB,2.58323959,,0.16398708,519.2311569,1/6/2026,30/6/2026
2200 | DIA | Awareness | Mid Year Deals All in June | 1 - 30 June 26,Awareness | Mid Year Deals All in June | 1 - 30 June 26,2200 | DIA | Awareness | Mid Year Deals All in June | 1 - 30 June 26 [Other-Province],55-64,female,45343,65387,230,,81,THB,2.25636288,,0.12387784,518.9634626,1/6/2026,30/6/2026
2200 | DIA | Awareness | Love is Sparkle | 1 - 15 June 26,Awareness | Love is Sparkle | 1 - 15 June 26,2200 | DIA | Awareness | Love is Sparkle | 1 - 15 June 26 [BKK],55-64,female,51027,70507,220,2,134,THB,2.32610272,255.8712987,0.19005205,511.7425973,1/6/2026,30/6/2026
2200 | DIA | Awareness | Love is Sparkle | 1 - 15 June 26,Awareness | Love is Sparkle | 1 - 15 June 26,2200 | DIA | Awareness | Love is Sparkle | 1 - 15 June 26 [Other-Province],55-64,male,51974,70023,200,,73,THB,2.53299983,,0.10425146,506.5999651,1/6/2026,30/6/2026
2200 | DIA | Awareness | NEW ARRIVALS | 16 - 30 June 26,Awareness | NEW ARRIVALS | 16 - 30 June 26,2200 | DIA | Awareness | NEW ARRIVALS | 16 - 30 June 26,45-54,male,34457,51226,42,2,51,THB,11.88447587,249.5739932,0.09955882,499.1479864,1/6/2026,30/6/2026
2200 | DIA | Message | Love is Sparkle | 1 - 15 June 26,Message | Love is Sparkle | 1 - 15 June 26,2200 | DIA | Message | Love is Sparkle | 1 - 15 June 26 [BKK],35-44,female,1990,5494,87,12,195,THB,5.6583908,41.02333333,3.54932654,492.28,1/6/2026,30/6/2026
2200 | DIA | Awareness | Pearl with Pride | 1 - 30 June 26,Awareness | Pearl with Pride | 1 - 30 June 26,2200 | DIA | Awareness | Pearl with Pride | 1 - 30 June 26 [Other-Province],18-24,male,41767,60368,138,,60,THB,3.51742822,,0.09939041,485.4050941,1/6/2026,30/6/2026
2200 | DIA | Awareness | MID YEAR SALE | 16 - 30 June 26,Awareness | MID YEAR SALE | 16 - 30 June 26,2200 | DIA | Awareness | MID YEAR SALE | 16 - 30 June 26,55-64,male,31660,49370,27,,35,THB,17.83443077,,0.07089326,481.5296308,1/6/2026,30/6/2026
2200 | DIA | Message | Love is Sparkle | 1 - 15 June 26,Message | Love is Sparkle | 1 - 15 June 26,2200 | DIA | Message | Love is Sparkle | 1 - 15 June 26 [BKK],25-34,female,2324,6838,86,5,235,THB,5.56662791,95.746,3.43667739,478.73,1/6/2026,30/6/2026
2200 | DIA | Awareness | MID YEAR SALE | 16 - 30 June 26,Awareness | MID YEAR SALE | 16 - 30 June 26,2200 | DIA | Awareness | MID YEAR SALE | 16 - 30 June 26,18-24,male,32123,45394,21,1,23,THB,22.30092222,468.3193666,0.05066749,468.3193666,1/6/2026,30/6/2026
2200 | DIA | Awareness | Love is Sparkle | 1 - 15 June 26,Awareness | Love is Sparkle | 1 - 15 June 26,2200 | DIA | Awareness | Love is Sparkle | 1 - 15 June 26 [Other-Province],55-64,female,49091,63769,203,2,100,THB,2.26212268,229.6054519,0.15681601,459.2109038,1/6/2026,30/6/2026
2200 | DIA | Awareness | NEW ARRIVALS | 16 - 30 June 26,Awareness | NEW ARRIVALS | 16 - 30 June 26,2200 | DIA | Awareness | NEW ARRIVALS | 16 - 30 June 26,55-64,male,28276,46788,27,,43,THB,16.89027024,,0.09190391,456.0372966,1/6/2026,30/6/2026
2200 | Pearl | Message | Pearl with Pride | 1 - 30 June 26,Pearl | Message | Pearl with Pride | 1 - 30 June 26,2200 | Pearl | Message | Pearl with Pride | 1 - 30 June 26  [BKK],45-54,female,1768,4714,87,22,217,THB,5.21343915,20.61678208,4.60330929,453.5692059,1/6/2026,30/6/2026
2200 | DIA | Message | Mid Year Deals All in June | 1 - 30 June 26,Message | Mid Year Deals All in June | 1 - 30 June 26,2200 | DIA | Message | Mid Year Deals All in June | 1 - 30 June 26  [BKK],35-44,female,2708,7133,178,28,553,THB,2.50659432,15.93477819,7.75269872,446.1737894,1/6/2026,30/6/2026
2200 | DIA | Awareness | Mid Year Deals All in June | 1 - 30 June 26,Awareness | Mid Year Deals All in June | 1 - 30 June 26,2200 | DIA | Awareness | Mid Year Deals All in June | 1 - 30 June 26 [Other-Province],25-34,female,45464,55665,113,,82,THB,3.92772532,,0.1473098,443.8329613,1/6/2026,30/6/2026
2200 | DIA | Awareness | Pearl with Pride | 1 - 30 June 26,Awareness | Pearl with Pride | 1 - 30 June 26,2200 | DIA | Awareness | Pearl with Pride | 1 - 30 June 26  [BKK],25-34,male,41053,51299,169,,63,THB,2.5322158,,0.12280941,427.9444698,1/6/2026,30/6/2026
2200 | DIA | Awareness | MID YEAR SALE | 16 - 30 June 26,Awareness | MID YEAR SALE | 16 - 30 June 26,2200 | DIA | Awareness | MID YEAR SALE | 16 - 30 June 26,55-64,female,30715,44107,54,1,69,THB,7.92349181,427.8685576,0.15643775,427.8685576,1/6/2026,30/6/2026
2200 | DIA | Awareness | Love is Sparkle | 1 - 15 June 26,Awareness | Love is Sparkle | 1 - 15 June 26,2200 | DIA | Awareness | Love is Sparkle | 1 - 15 June 26 [BKK],35-44,male,47073,59186,132,1,75,THB,3.21449895,424.313862,0.12671916,424.313862,1/6/2026,30/6/2026
2200 | DIA | Message | Best Seller - สร้อยข้อมือเพชร | 12 - 30 June 26,Message | Best Seller - สร้อยข้อมือเพชร | 12 - 30 June 26,2200 | DIA | Message | Best Seller - สร้อยข้อมือเพชร | 12 - 30 June 26  [BKK],45-54,female,1789,5381,195,21,347,THB,2.1494359,19.95904762,6.4486155,419.14,1/6/2026,30/6/2026
2200 | DIA | Message | Best Seller - สร้อยข้อมือเพชร | 12 - 30 June 26,Message | Best Seller - สร้อยข้อมือเพชร | 12 - 30 June 26,2200 | DIA | Message | Best Seller - สร้อยข้อมือเพชร | 12 - 30 June 26  [BKK],25-34,female,2198,6799,144,21,318,THB,2.85263889,19.56095238,4.67715841,410.78,1/6/2026,30/6/2026
2200 | Pearl | Message | Pearl with Pride | 1 - 30 June 26,Pearl | Message | Pearl with Pride | 1 - 30 June 26,2200 | Pearl | Message | Pearl with Pride | 1 - 30 June 26 [Other-Province] - Copy,35-44,female,1941,5281,71,17,201,THB,5.3387727,22.29722714,3.80609733,379.0528614,1/6/2026,30/6/2026
2200 | DIA | Awareness | NEW ARRIVALS | 16 - 30 June 26,Awareness | NEW ARRIVALS | 16 - 30 June 26,2200 | DIA | Awareness | NEW ARRIVALS | 16 - 30 June 26,55-64,female,26484,38426,45,1,63,THB,8.28791038,372.9559673,0.16395149,372.9559673,1/6/2026,30/6/2026
2200 | DIA | Awareness | Pearl with Pride | 1 - 30 June 26,Awareness | Pearl with Pride | 1 - 30 June 26,2200 | DIA | Awareness | Pearl with Pride | 1 - 30 June 26 [Other-Province],55-64,female,38033,49825,249,,113,THB,1.48540667,,0.22679378,369.8662618,1/6/2026,30/6/2026
2200 | DIA | Awareness | Mid Year Deals All in June | 1 - 30 June 26,Awareness | Mid Year Deals All in June | 1 - 30 June 26,2200 | DIA | Awareness | Mid Year Deals All in June | 1 - 30 June 26 [Other-Province],45-54,female,36186,47221,211,,86,THB,1.7491112,,0.18212236,369.0624624,1/6/2026,30/6/2026
2200 | DIA | Awareness | Mid Year Deals All in June | 1 - 30 June 26,Awareness | Mid Year Deals All in June | 1 - 30 June 26,2200 | DIA | Awareness | Mid Year Deals All in June | 1 - 30 June 26 [Other-Province],65+,male,26597,45020,115,,50,THB,3.17062985,,0.11106175,364.6224328,1/6/2026,30/6/2026
2200 | DIA | Awareness | Pearl with Pride | 1 - 30 June 26,Awareness | Pearl with Pride | 1 - 30 June 26,2200 | DIA | Awareness | Pearl with Pride | 1 - 30 June 26 [Other-Province],18-24,female,33773,45025,144,,62,THB,2.50886353,,0.13770128,361.2763486,1/6/2026,30/6/2026
2200 | DIA | Message | Mid Year Deals All in June | 1 - 30 June 26,Message | Mid Year Deals All in June | 1 - 30 June 26,2200 | DIA | Message | Mid Year Deals All in June | 1 - 30 June 26  [BKK],25-34,female,2345,6495,144,24,471,THB,2.46140979,14.76845876,7.2517321,354.4430103,1/6/2026,30/6/2026
2200 | DIA | Awareness | NEW ARRIVALS | 16 - 30 June 26,Awareness | NEW ARRIVALS | 16 - 30 June 26,2200 | DIA | Awareness | NEW ARRIVALS | 16 - 30 June 26,18-24,female,24877,33021,35,,43,THB,9.66929757,,0.13022016,338.4254148,1/6/2026,30/6/2026
2200 | DIA | Message | Mid Year Deals All in June | 1 - 30 June 26,Message | Mid Year Deals All in June | 1 - 30 June 26,2200 | DIA | Message | Mid Year Deals All in June | 1 - 30 June 26 [Other-Province],35-44,female,2659,6530,166,21,477,THB,2.03801205,16.11,7.30474732,338.31,1/6/2026,30/6/2026
2200 | DIA | Message | Pearl with Pride | 1 - 30 June 26,Message  | Pearl with Pride | 1 - 30 June 26,2200 | DIA | Message  | Pearl with Pride | 1 - 30 June 26  [BKK],35-44,female,3226,5994,106,16,268,THB,3.15981132,20.93375,4.4711378,334.94,1/6/2026,30/6/2026
2200 | DIA | Awareness | MID YEAR SALE | 16 - 30 June 26,Awareness | MID YEAR SALE | 16 - 30 June 26,2200 | DIA | Awareness | MID YEAR SALE | 16 - 30 June 26,25-34,female,31083,37626,45,,69,THB,7.40037023,,0.18338383,333.0166605,1/6/2026,30/6/2026
2200 | DIA | Awareness | NEW ARRIVALS | 16 - 30 June 26,Awareness | NEW ARRIVALS | 16 - 30 June 26,2200 | DIA | Awareness | NEW ARRIVALS | 16 - 30 June 26,25-34,female,30060,36750,52,,64,THB,6.34163993,,0.17414966,329.7652762,1/6/2026,30/6/2026
2200 | DIA | Awareness | Pearl with Pride | 1 - 30 June 26,Awareness | Pearl with Pride | 1 - 30 June 26,2200 | DIA | Awareness | Pearl with Pride | 1 - 30 June 26  [BKK],25-34,female,34660,39724,162,,80,THB,2.01826009,,0.20138959,326.9581346,1/6/2026,30/6/2026
2200 | DIA | Message | Best Seller - สร้อยข้อมือเพชร | 12 - 30 June 26,Message | Best Seller - สร้อยข้อมือเพชร | 12 - 30 June 26,2200 | DIA | Message | Best Seller - สร้อยข้อมือเพชร | 12 - 30 June 26 [Other-Province],35-44,female,2313,6267,115,13,263,THB,2.82704348,25.00846154,4.19658529,325.11,1/6/2026,30/6/2026
2200 | DIA | Awareness | Love is Sparkle | 1 - 15 June 26,Awareness | Love is Sparkle | 1 - 15 June 26,2200 | DIA | Awareness | Love is Sparkle | 1 - 15 June 26 [BKK],45-54,male,35942,45327,121,,49,THB,2.68186203,,0.10810334,324.5053058,1/6/2026,30/6/2026
2200 | DIA | Awareness | Love is Sparkle | 1 - 15 June 26,Awareness | Love is Sparkle | 1 - 15 June 26,2200 | DIA | Awareness | Love is Sparkle | 1 - 15 June 26 [Other-Province],45-54,female,36030,44953,118,1,56,THB,2.73587801,322.8336052,0.12457456,322.8336052,1/6/2026,30/6/2026
2200 | DIA | Awareness | Mid Year Deals All in June | 1 - 30 June 26,Awareness | Mid Year Deals All in June | 1 - 30 June 26,2200 | DIA | Awareness | Mid Year Deals All in June | 1 - 30 June 26 [Other-Province],65+,female,29565,40417,160,1,59,THB,2.01545095,322.4721516,0.14597818,322.4721516,1/6/2026,30/6/2026
2200 | DIA | Awareness | Love is Sparkle | 1 - 15 June 26,Awareness | Love is Sparkle | 1 - 15 June 26,2200 | DIA | Awareness | Love is Sparkle | 1 - 15 June 26 [BKK],55-64,male,34141,44769,126,,64,THB,2.53861407,,0.14295606,319.865373,1/6/2026,30/6/2026
2200 | DIA | Awareness | Mid Year Deals All in June | 1 - 30 June 26,Awareness | Mid Year Deals All in June | 1 - 30 June 26,2200 | DIA | Awareness | Mid Year Deals All in June | 1 - 30 June 26  [BKK],25-34,male,33857,39976,136,1,76,THB,2.34867647,319.42,0.19011407,319.42,1/6/2026,30/6/2026
2200 | DIA | Awareness | Pearl with Pride | 1 - 30 June 26,Awareness | Pearl with Pride | 1 - 30 June 26,2200 | DIA | Awareness | Pearl with Pride | 1 - 30 June 26 [Other-Province],25-34,male,34669,42192,152,,55,THB,2.08774206,,0.13035647,317.3367927,1/6/2026,30/6/2026
2200 | Pearl | Message | Pearl with Pride | 1 - 30 June 26,Pearl | Message | Pearl with Pride | 1 - 30 June 26,2200 | Pearl | Message | Pearl with Pride | 1 - 30 June 26 [Other-Province] - Copy,45-54,female,1277,3427,51,9,122,THB,6.21174719,35.19990075,3.55996498,316.7991067,1/6/2026,30/6/2026
2200 | DIA | Awareness | Love is Sparkle | 1 - 15 June 26,Awareness | Love is Sparkle | 1 - 15 June 26,2200 | DIA | Awareness | Love is Sparkle | 1 - 15 June 26 [BKK],65+,female,34115,43749,146,,96,THB,2.16627003,,0.21943359,316.2754249,1/6/2026,30/6/2026
2200 | DIA | Awareness | Love is Sparkle | 1 - 15 June 26,Awareness | Love is Sparkle | 1 - 15 June 26,2200 | DIA | Awareness | Love is Sparkle | 1 - 15 June 26 [BKK],45-54,female,35846,43842,102,,56,THB,3.06397529,,0.1277314,312.5254791,1/6/2026,30/6/2026
2200 | DIA | Awareness | Love is Sparkle | 1 - 15 June 26,Awareness | Love is Sparkle | 1 - 15 June 26,2200 | DIA | Awareness | Love is Sparkle | 1 - 15 June 26 [Other-Province],25-34,female,36126,41547,97,,56,THB,3.09921696,,0.13478711,300.6240451,1/6/2026,30/6/2026
2200 | DIA | Awareness | Pearl with Pride | 1 - 30 June 26,Awareness | Pearl with Pride | 1 - 30 June 26,2200 | DIA | Awareness | Pearl with Pride | 1 - 30 June 26 [Other-Province],25-34,female,34696,39309,141,,64,THB,2.09260296,,0.16281259,295.0570179,1/6/2026,30/6/2026
2200 | DIA | Awareness | MID YEAR SALE | 16 - 30 June 26,Awareness | MID YEAR SALE | 16 - 30 June 26,2200 | DIA | Awareness | MID YEAR SALE | 16 - 30 June 26,45-54,female,23793,30429,36,,48,THB,8.14182951,,0.15774426,293.1058623,1/6/2026,30/6/2026
2200 | DIA | Awareness | Mid Year Deals All in June | 1 - 30 June 26,Awareness | Mid Year Deals All in June | 1 - 30 June 26,2200 | DIA | Awareness | Mid Year Deals All in June | 1 - 30 June 26 [Other-Province],35-44,female,29322,36533,123,,73,THB,2.31302356,,0.19981934,284.5018982,1/6/2026,30/6/2026
2200 | DIA | Message | Pearl with Pride | 1 - 30 June 26,Message  | Pearl with Pride | 1 - 30 June 26,2200 | DIA | Message | Pearl with Pride | 1 - 30 June 26 [Other-Province],35-44,female,2600,5288,83,16,216,THB,3.35493976,17.40375,4.08472012,278.46,1/6/2026,30/6/2026
2200 | DIA | Awareness | MID YEAR SALE | 16 - 30 June 26,Awareness | MID YEAR SALE | 16 - 30 June 26,2200 | DIA | Awareness | MID YEAR SALE | 16 - 30 June 26,18-24,female,20727,26593,15,1,21,THB,18.45836918,276.8755376,0.07896815,276.8755376,1/6/2026,30/6/2026
2200 | DIA | Awareness | Love is Sparkle | 1 - 15 June 26,Awareness | Love is Sparkle | 1 - 15 June 26,2200 | DIA | Awareness | Love is Sparkle | 1 - 15 June 26 [Other-Province],65+,male,29303,37953,106,,40,THB,2.58740158,,0.10539351,274.2645673,1/6/2026,30/6/2026
2200 | DIA | Awareness | Love is Sparkle | 1 - 15 June 26,Awareness | Love is Sparkle | 1 - 15 June 26,2200 | DIA | Awareness | Love is Sparkle | 1 - 15 June 26 [Other-Province],65+,female,29761,37659,116,,55,THB,2.35366027,,0.14604743,273.0245918,1/6/2026,30/6/2026
2200 | DIA | Awareness | NEW ARRIVALS | 16 - 30 June 26,Awareness | NEW ARRIVALS | 16 - 30 June 26,2200 | DIA | Awareness | NEW ARRIVALS | 16 - 30 June 26,45-54,female,21142,27504,36,,51,THB,7.30317241,,0.18542757,262.9142066,1/6/2026,30/6/2026
2200 | Pearl | Message | Pearl with Pride | 1 - 30 June 26,Pearl | Message | Pearl with Pride | 1 - 30 June 26,2200 | Pearl | Message | Pearl with Pride | 1 - 30 June 26  [BKK],25-34,female,1623,3486,55,12,162,THB,4.71391386,21.60543851,4.64716007,259.2652622,1/6/2026,30/6/2026
2200 | DIA | Awareness | Love is Sparkle | 1 - 15 June 26,Awareness | Love is Sparkle | 1 - 15 June 26,2200 | DIA | Awareness | Love is Sparkle | 1 - 15 June 26 [BKK],25-34,female,30725,35500,136,,82,THB,1.89203145,,0.23098592,257.3162778,1/6/2026,30/6/2026
2200 | DIA | Awareness | MID YEAR SALE | 16 - 30 June 26,Awareness | MID YEAR SALE | 16 - 30 June 26,2200 | DIA | Awareness | MID YEAR SALE | 16 - 30 June 26,65+,male,17529,26282,21,,26,THB,12.18119601,,0.09892702,255.8051162,1/6/2026,30/6/2026
2200 | DIA | Awareness | Pearl with Pride | 1 - 30 June 26,Awareness | Pearl with Pride | 1 - 30 June 26,2200 | DIA | Awareness | Pearl with Pride | 1 - 30 June 26 [Other-Province],45-54,female,27784,35295,140,1,62,THB,1.82191016,255.0674221,0.17566228,255.0674221,1/6/2026,30/6/2026
2200 | DIA | Awareness | Mid Year Deals All in June | 1 - 30 June 26,Awareness | Mid Year Deals All in June | 1 - 30 June 26,2200 | DIA | Awareness | Mid Year Deals All in June | 1 - 30 June 26  [BKK],55-64,female,26804,32213,152,,62,THB,1.65453947,,0.19246888,251.49,1/6/2026,30/6/2026
2200 | DIA | Awareness | MID YEAR SALE | 16 - 30 June 26,Awareness | MID YEAR SALE | 16 - 30 June 26,2200 | DIA | Awareness | MID YEAR SALE | 16 - 30 June 26,65+,female,18037,25078,28,1,30,THB,8.64945871,242.1848438,0.11962676,242.1848438,1/6/2026,30/6/2026
2200 | DIA | Awareness | NEW ARRIVALS | 16 - 30 June 26,Awareness | NEW ARRIVALS | 16 - 30 June 26,2200 | DIA | Awareness | NEW ARRIVALS | 16 - 30 June 26,65+,male,16169,24861,20,,31,THB,12.05969296,,0.12469329,241.1938591,1/6/2026,30/6/2026
2200 | DIA | Awareness | Mid Year Deals All in June | 1 - 30 June 26,Awareness | Mid Year Deals All in June | 1 - 30 June 26,2200 | DIA | Awareness | Mid Year Deals All in June | 1 - 30 June 26  [BKK],35-44,male,27370,31118,99,,40,THB,2.3779798,,0.12854297,235.42,1/6/2026,30/6/2026
2200 | DIA | Awareness | Pearl with Pride | 1 - 30 June 26,Awareness | Pearl with Pride | 1 - 30 June 26,2200 | DIA | Awareness | Pearl with Pride | 1 - 30 June 26 [Other-Province],65+,female,22658,30786,162,,76,THB,1.43325712,,0.24686546,232.1876533,1/6/2026,30/6/2026
2200 | DIA | Awareness | Love is Sparkle | 1 - 15 June 26,Awareness | Love is Sparkle | 1 - 15 June 26,2200 | DIA | Awareness | Love is Sparkle | 1 - 15 June 26 [Other-Province],35-44,female,27261,33068,117,1,62,THB,1.96543115,229.955445,0.18749244,229.955445,1/6/2026,30/6/2026
2200 | DIA | Awareness | MID YEAR SALE | 16 - 30 June 26,Awareness | MID YEAR SALE | 16 - 30 June 26,2200 | DIA | Awareness | MID YEAR SALE | 16 - 30 June 26,35-44,female,21105,25787,28,1,49,THB,8.13194836,227.694554,0.19001823,227.694554,1/6/2026,30/6/2026
2200 | DIA | Message | Best Seller - สร้อยข้อมือเพชร | 12 - 30 June 26,Message | Best Seller - สร้อยข้อมือเพชร | 12 - 30 June 26,2200 | DIA | Message | Best Seller - สร้อยข้อมือเพชร | 12 - 30 June 26 [Other-Province],25-34,female,1562,4304,58,10,166,THB,3.82586207,22.19,3.85687732,221.9,1/6/2026,30/6/2026
2200 | DIA | Awareness | Love is Sparkle | 1 - 15 June 26,Awareness | Love is Sparkle | 1 - 15 June 26,2200 | DIA | Awareness | Love is Sparkle | 1 - 15 June 26 [BKK],35-44,female,25455,30684,99,1,55,THB,2.1956248,217.3668557,0.17924651,217.3668557,1/6/2026,30/6/2026
2200 | DIA | Message | Mid Year Deals All in June | 1 - 30 June 26,Message | Mid Year Deals All in June | 1 - 30 June 26,2200 | DIA | Message | Mid Year Deals All in June | 1 - 30 June 26 [Other-Province],25-34,female,2041,4831,78,12,275,THB,2.77987179,18.06916667,5.69240323,216.83,1/6/2026,30/6/2026
2200 | DIA | Awareness | NEW ARRIVALS | 16 - 30 June 26,Awareness | NEW ARRIVALS | 16 - 30 June 26,2200 | DIA | Awareness | NEW ARRIVALS | 16 - 30 June 26,65+,female,16114,22274,29,,32,THB,7.41736006,,0.14366526,215.1034417,1/6/2026,30/6/2026
2200 | DIA | Awareness | NEW ARRIVALS | 16 - 30 June 26,Awareness | NEW ARRIVALS | 16 - 30 June 26,2200 | DIA | Awareness | NEW ARRIVALS | 16 - 30 June 26,35-44,female,19951,23628,34,,58,THB,6.15686322,,0.24547147,209.3333493,1/6/2026,30/6/2026
2200 | DIA | Message | Love is Sparkle | 1 - 15 June 26,Message | Love is Sparkle | 1 - 15 June 26,2200 | DIA | Message | Love is Sparkle | 1 - 15 June 26 [Other-Province],35-44,female,959,2306,39,3,76,THB,5.28021257,68.6427634,3.29575022,205.9282902,1/6/2026,30/6/2026
2200 | DIA | Message | Mid Year Deals All in June | 1 - 30 June 26,Message | Mid Year Deals All in June | 1 - 30 June 26,2200 | DIA | Message | Mid Year Deals All in June | 1 - 30 June 26  [BKK],45-54,female,1061,2625,103,11,247,THB,1.98419161,18.57924871,9.40952381,204.3717358,1/6/2026,30/6/2026
2200 | DIA | Message | Pearl with Pride | 1 - 30 June 26,Message  | Pearl with Pride | 1 - 30 June 26,2200 | DIA | Message  | Pearl with Pride | 1 - 30 June 26  [BKK],45-54,female,1514,2902,61,3,138,THB,3.34852459,68.08666667,4.75534114,204.26,1/6/2026,30/6/2026
2200 | DIA | Awareness | Pearl with Pride | 1 - 30 June 26,Awareness | Pearl with Pride | 1 - 30 June 26,2200 | DIA | Awareness | Pearl with Pride | 1 - 30 June 26 [Other-Province],35-44,female,23662,28391,127,,63,THB,1.57998403,,0.22190131,200.657972,1/6/2026,30/6/2026
2200 | DIA | Awareness | Mid Year Deals All in June | 1 - 30 June 26,Awareness | Mid Year Deals All in June | 1 - 30 June 26,2200 | DIA | Awareness | Mid Year Deals All in June | 1 - 30 June 26  [BKK],25-34,female,22538,24806,130,1,81,THB,1.51453846,196.89,0.3265339,196.89,1/6/2026,30/6/2026
2200 | DIA | Message | Pearl with Pride | 1 - 30 June 26,Message  | Pearl with Pride | 1 - 30 June 26,2200 | DIA | Message  | Pearl with Pride | 1 - 30 June 26  [BKK],25-34,female,2270,4384,59,7,190,THB,3.33508475,28.11,4.33394161,196.77,1/6/2026,30/6/2026
2200 | DIA | Awareness | Mid Year Deals All in June | 1 - 30 June 26,Awareness | Mid Year Deals All in June | 1 - 30 June 26,2200 | DIA | Awareness | Mid Year Deals All in June | 1 - 30 June 26  [BKK],45-54,male,21775,25330,91,,36,THB,2.12846154,,0.14212396,193.69,1/6/2026,30/6/2026
2200 | DIA | Awareness | Mid Year Deals All in June | 1 - 30 June 26,Awareness | Mid Year Deals All in June | 1 - 30 June 26,2200 | DIA | Awareness | Mid Year Deals All in June | 1 - 30 June 26  [BKK],45-54,female,22060,25567,157,1,66,THB,1.23031847,193.16,0.25814527,193.16,1/6/2026,30/6/2026
2200 | DIA | Awareness | Love is Sparkle | 1 - 15 June 26,Awareness | Love is Sparkle | 1 - 15 June 26,2200 | DIA | Awareness | Love is Sparkle | 1 - 15 June 26 [BKK],65+,male,20477,26398,103,1,63,THB,1.85375959,190.937238,0.23865444,190.937238,1/6/2026,30/6/2026
2200 | DIA | Awareness | Pearl with Pride | 1 - 30 June 26,Awareness | Pearl with Pride | 1 - 30 June 26,2200 | DIA | Awareness | Pearl with Pride | 1 - 30 June 26  [BKK],55-64,female,19126,23628,107,,34,THB,1.72517104,,0.14389707,184.5933011,1/6/2026,30/6/2026
2200 | DIA | Awareness | Mid Year Deals All in June | 1 - 30 June 26,Awareness | Mid Year Deals All in June | 1 - 30 June 26,2200 | DIA | Awareness | Mid Year Deals All in June | 1 - 30 June 26  [BKK],55-64,male,17974,23326,66,,19,THB,2.76454545,,0.08145417,182.46,1/6/2026,30/6/2026
2200 | DIA | Message | Best Seller - สร้อยข้อมือเพชร | 12 - 30 June 26,Message | Best Seller - สร้อยข้อมือเพชร | 12 - 30 June 26,2200 | DIA | Message | Best Seller - สร้อยข้อมือเพชร | 12 - 30 June 26 [Other-Province],45-54,female,1069,2634,93,7,171,THB,1.94376344,25.82428571,6.49202733,180.77,1/6/2026,30/6/2026
2200 | DIA | Message | Love is Sparkle | 1 - 15 June 26,Message | Love is Sparkle | 1 - 15 June 26,2200 | DIA | Message | Love is Sparkle | 1 - 15 June 26 [BKK],45-54,female,616,1754,33,2,69,THB,5.36969697,88.6,3.93386545,177.2,1/6/2026,30/6/2026
2200 | Pearl | Message | Pearl with Pride | 1 - 30 June 26,Pearl | Message | Pearl with Pride | 1 - 30 June 26,2200 | Pearl | Message | Pearl with Pride | 1 - 30 June 26 [Other-Province] - Copy,25-34,female,1180,2864,42,7,109,THB,4.2119207,25.27152417,3.80586592,176.9006692,1/6/2026,30/6/2026
2200 | DIA | Message | Pearl with Pride | 1 - 30 June 26,Message  | Pearl with Pride | 1 - 30 June 26,2200 | DIA | Message | Pearl with Pride | 1 - 30 June 26 [Other-Province],25-34,female,1946,3910,54,7,172,THB,3.22259259,24.86,4.39897698,174.02,1/6/2026,30/6/2026
2200 | DIA | Awareness | Pearl with Pride | 1 - 30 June 26,Awareness | Pearl with Pride | 1 - 30 June 26,2200 | DIA | Awareness | Pearl with Pride | 1 - 30 June 26  [BKK],35-44,male,19207,21602,57,,28,THB,2.98041816,,0.12961763,169.8838349,1/6/2026,30/6/2026
2200 | DIA | Awareness | Mid Year Deals All in June | 1 - 30 June 26,Awareness | Mid Year Deals All in June | 1 - 30 June 26,2200 | DIA | Awareness | Mid Year Deals All in June | 1 - 30 June 26  [BKK],35-44,female,19817,22286,154,1,87,THB,1.09467532,168.58,0.39037961,168.58,1/6/2026,30/6/2026
2200 | DIA | Message | Mid Year Deals All in June | 1 - 30 June 26,Message | Mid Year Deals All in June | 1 - 30 June 26,2200 | DIA | Message | Mid Year Deals All in June | 1 - 30 June 26 [Other-Province],45-54,female,1098,2560,105,12,241,THB,1.58114286,13.835,9.4140625,166.02,1/6/2026,30/6/2026
2200 | DIA | Message | Love is Sparkle | 1 - 15 June 26,Message | Love is Sparkle | 1 - 15 June 26,2200 | DIA | Message | Love is Sparkle | 1 - 15 June 26 [Other-Province],25-34,female,1194,2392,31,3,82,THB,5.13132112,53.02365156,3.42809365,159.0709547,1/6/2026,30/6/2026
2200 | DIA | Awareness | Mid Year Deals All in June | 1 - 30 June 26,Awareness | Mid Year Deals All in June | 1 - 30 June 26,2200 | DIA | Awareness | Mid Year Deals All in June | 1 - 30 June 26  [BKK],65+,female,14951,19054,116,,33,THB,1.27482759,,0.17319198,147.88,1/6/2026,30/6/2026
2200 | DIA | Awareness | Pearl with Pride | 1 - 30 June 26,Awareness | Pearl with Pride | 1 - 30 June 26,2200 | DIA | Awareness | Pearl with Pride | 1 - 30 June 26  [BKK],35-44,female,16357,18986,95,,35,THB,1.52941818,,0.18434636,145.2947272,1/6/2026,30/6/2026
2200 | DIA | Awareness | Pearl with Pride | 1 - 30 June 26,Awareness | Pearl with Pride | 1 - 30 June 26,2200 | DIA | Awareness | Pearl with Pride | 1 - 30 June 26  [BKK],45-54,female,15507,18266,91,,40,THB,1.52796653,,0.21898609,139.044954,1/6/2026,30/6/2026
2200 | DIA | Awareness | Pearl with Pride | 1 - 30 June 26,Awareness | Pearl with Pride | 1 - 30 June 26,2200 | DIA | Awareness | Pearl with Pride | 1 - 30 June 26 [Other-Province],35-44,male,17107,19778,70,,20,THB,1.94426606,,0.10112246,136.0986245,1/6/2026,30/6/2026
2200 | Pearl | Message | Pearl with Pride | 1 - 30 June 26,Pearl | Message | Pearl with Pride | 1 - 30 June 26,2200 | Pearl | Message | Pearl with Pride | 1 - 30 June 26  [BKK],55-64,female,459,1153,24,6,70,THB,5.46177752,21.84711009,6.07111882,131.0826605,1/6/2026,30/6/2026
2200 | DIA | Awareness | Pearl with Pride | 1 - 30 June 26,Awareness | Pearl with Pride | 1 - 30 June 26,2200 | DIA | Awareness | Pearl with Pride | 1 - 30 June 26  [BKK],65+,female,13538,16796,64,,26,THB,2.03351995,,0.15479876,130.145277,1/6/2026,30/6/2026
2200 | DIA | Message | Pearl with Pride | 1 - 30 June 26,Message  | Pearl with Pride | 1 - 30 June 26,2200 | DIA | Message | Pearl with Pride | 1 - 30 June 26 [Other-Province],45-54,female,1127,2095,34,7,91,THB,3.72058824,18.07142857,4.34367542,126.5,1/6/2026,30/6/2026
2200 | DIA | Awareness | Pearl with Pride | 1 - 30 June 26,Awareness | Pearl with Pride | 1 - 30 June 26,2200 | DIA | Awareness | Pearl with Pride | 1 - 30 June 26  [BKK],45-54,male,12817,15436,37,,11,THB,3.29015087,,0.07126198,121.7355822,1/6/2026,30/6/2026
2200 | DIA | Awareness | Pearl with Pride | 1 - 30 June 26,Awareness | Pearl with Pride | 1 - 30 June 26,2200 | DIA | Awareness | Pearl with Pride | 1 - 30 June 26  [BKK],55-64,male,11714,14582,34,,10,THB,3.54222439,,0.0685777,120.4356294,1/6/2026,30/6/2026
2200 | DIA | Message | Love is Sparkle | 1 - 15 June 26,Message | Love is Sparkle | 1 - 15 June 26,2200 | DIA | Message | Love is Sparkle | 1 - 15 June 26 [BKK],35-44,male,418,1151,27,2,49,THB,4.42814815,59.78,4.25716768,119.56,1/6/2026,30/6/2026
2200 | DIA | Awareness | Pearl with Pride | 1 - 30 June 26,Awareness | Pearl with Pride | 1 - 30 June 26,2200 | DIA | Awareness | Pearl with Pride | 1 - 30 June 26 [Other-Province],55-64,male,12601,15317,55,,21,THB,2.03743395,,0.13710257,112.0588674,1/6/2026,30/6/2026
2200 | DIA | Awareness | Pearl with Pride | 1 - 30 June 26,Awareness | Pearl with Pride | 1 - 30 June 26,2200 | DIA | Awareness | Pearl with Pride | 1 - 30 June 26 [Other-Province],45-54,male,13280,15870,53,,15,THB,2.09299771,,0.09451796,110.9288789,1/6/2026,30/6/2026
2200 | DIA | Awareness | Mid Year Deals All in June | 1 - 30 June 26,Awareness | Mid Year Deals All in June | 1 - 30 June 26,2200 | DIA | Awareness | Mid Year Deals All in June | 1 - 30 June 26  [BKK],65+,male,10439,13676,48,1,24,THB,2.25479167,108.23,0.17548991,108.23,1/6/2026,30/6/2026
2200 | DIA | Message | Best Seller - สร้อยข้อมือเพชร | 12 - 30 June 26,Message | Best Seller - สร้อยข้อมือเพชร | 12 - 30 June 26,2200 | DIA | Message | Best Seller - สร้อยข้อมือเพชร | 12 - 30 June 26  [BKK],55-64,female,439,1124,56,5,94,THB,1.91928571,21.496,8.36298932,107.48,1/6/2026,30/6/2026
2200 | DIA | Message | Love is Sparkle | 1 - 15 June 26,Message | Love is Sparkle | 1 - 15 June 26,2200 | DIA | Message | Love is Sparkle | 1 - 15 June 26 [BKK],25-34,male,504,1437,29,2,45,THB,3.07793103,44.63,3.13152401,89.26,1/6/2026,30/6/2026
2200 | DIA | Awareness | Pearl with Pride | 1 - 30 June 26,Awareness | Pearl with Pride | 1 - 30 June 26,2200 | DIA | Awareness | Pearl with Pride | 1 - 30 June 26  [BKK],65+,male,8202,10617,44,,18,THB,1.93583884,,0.16953942,85.1769089,1/6/2026,30/6/2026
2200 | DIA | Awareness | Pearl with Pride | 1 - 30 June 26,Awareness | Pearl with Pride | 1 - 30 June 26,2200 | DIA | Awareness | Pearl with Pride | 1 - 30 June 26 [Other-Province],65+,male,8195,10758,50,,15,THB,1.59238391,,0.13943112,79.6191953,1/6/2026,30/6/2026
2200 | DIA | Message | Love is Sparkle | 1 - 15 June 26,Message | Love is Sparkle | 1 - 15 June 26,2200 | DIA | Message | Love is Sparkle | 1 - 15 June 26 [Other-Province],45-54,female,290,570,6,,12,THB,9.33613578,,2.10526316,56.01681469,1/6/2026,30/6/2026
2200 | Pearl | Message | Pearl with Pride | 1 - 30 June 26,Pearl | Message | Pearl with Pride | 1 - 30 June 26,2200 | Pearl | Message | Pearl with Pride | 1 - 30 June 26 [Other-Province] - Copy,55-64,female,287,687,3,,21,THB,17.83774249,,3.05676856,53.51322748,1/6/2026,30/6/2026
2200 | DIA | Message | Pearl with Pride | 1 - 30 June 26,Message  | Pearl with Pride | 1 - 30 June 26,2200 | DIA | Message  | Pearl with Pride | 1 - 30 June 26  [BKK],55-64,female,301,582,21,1,29,THB,2.46428571,51.75,4.98281787,51.75,1/6/2026,30/6/2026
2200 | DIA | Message | Mid Year Deals All in June | 1 - 30 June 26,Message | Mid Year Deals All in June | 1 - 30 June 26,2200 | DIA | Message | Mid Year Deals All in June | 1 - 30 June 26  [BKK],35-44,male,232,657,27,5,67,THB,1.79408931,9.68808228,10.1978691,48.44041141,1/6/2026,30/6/2026
2200 | DIA | Message | Love is Sparkle | 1 - 15 June 26,Message | Love is Sparkle | 1 - 15 June 26,2200 | DIA | Message | Love is Sparkle | 1 - 15 June 26 [BKK],45-54,male,120,333,6,,10,THB,8.055,,3.003003,48.33,1/6/2026,30/6/2026
2200 | DIA | Message | Best Seller - สร้อยข้อมือเพชร | 12 - 30 June 26,Message | Best Seller - สร้อยข้อมือเพชร | 12 - 30 June 26,2200 | DIA | Message | Best Seller - สร้อยข้อมือเพชร | 12 - 30 June 26 [Other-Province],55-64,female,216,479,19,1,29,THB,2.31210526,43.93,6.05427975,43.93,1/6/2026,30/6/2026
2200 | DIA | Message | Mid Year Deals All in June | 1 - 30 June 26,Message | Mid Year Deals All in June | 1 - 30 June 26,2200 | DIA | Message | Mid Year Deals All in June | 1 - 30 June 26  [BKK],25-34,male,241,607,18,6,41,THB,2.34724216,7.04172647,6.75453048,42.25035884,1/6/2026,30/6/2026
2200 | DIA | Message | Mid Year Deals All in June | 1 - 30 June 26,Message | Mid Year Deals All in June | 1 - 30 June 26,2200 | DIA | Message | Mid Year Deals All in June | 1 - 30 June 26 [Other-Province],55-64,female,190,376,21,6,36,THB,2.01095238,7.03833333,9.57446809,42.23,1/6/2026,30/6/2026
2200 | DIA | Message | Best Seller - สร้อยข้อมือเพชร | 12 - 30 June 26,Message | Best Seller - สร้อยข้อมือเพชร | 12 - 30 June 26,2200 | DIA | Message | Best Seller - สร้อยข้อมือเพชร | 12 - 30 June 26  [BKK],35-44,male,194,555,17,3,33,THB,2.25823529,12.79666667,5.94594595,38.39,1/6/2026,30/6/2026
2200 | DIA | Message | Mid Year Deals All in June | 1 - 30 June 26,Message | Mid Year Deals All in June | 1 - 30 June 26,2200 | DIA | Message | Mid Year Deals All in June | 1 - 30 June 26  [BKK],55-64,female,192,480,18,,41,THB,2.08668439,,8.54166667,37.56031901,1/6/2026,30/6/2026
2200 | DIA | Message | Love is Sparkle | 1 - 15 June 26,Message | Love is Sparkle | 1 - 15 June 26,2200 | DIA | Message | Love is Sparkle | 1 - 15 June 26 [Other-Province],35-44,male,182,375,8,2,15,THB,4.49224456,17.96897822,4,35.93795645,1/6/2026,30/6/2026
2200 | DIA | Message | Best Seller - สร้อยข้อมือเพชร | 12 - 30 June 26,Message | Best Seller - สร้อยข้อมือเพชร | 12 - 30 June 26,2200 | DIA | Message | Best Seller - สร้อยข้อมือเพชร | 12 - 30 June 26  [BKK],25-34,male,198,606,18,1,34,THB,1.90277778,34.25,5.61056106,34.25,1/6/2026,30/6/2026
2200 | DIA | Message | Love is Sparkle | 1 - 15 June 26,Message | Love is Sparkle | 1 - 15 June 26,2200 | DIA | Message | Love is Sparkle | 1 - 15 June 26 [Other-Province],25-34,male,269,545,9,1,12,THB,3.79978393,34.19805538,2.20183486,34.19805538,1/6/2026,30/6/2026
2200 | DIA | Message | Best Seller - สร้อยข้อมือเพชร | 12 - 30 June 26,Message | Best Seller - สร้อยข้อมือเพชร | 12 - 30 June 26,2200 | DIA | Message | Best Seller - สร้อยข้อมือเพชร | 12 - 30 June 26  [BKK],65+,female,99,261,14,2,29,THB,2.01428571,14.1,11.11111111,28.2,1/6/2026,30/6/2026
2200 | DIA | Message | Love is Sparkle | 1 - 15 June 26,Message | Love is Sparkle | 1 - 15 June 26,2200 | DIA | Message | Love is Sparkle | 1 - 15 June 26 [BKK],55-64,female,107,272,8,1,9,THB,3.21625,25.73,3.30882353,25.73,1/6/2026,30/6/2026
2200 | DIA | Message | Pearl with Pride | 1 - 30 June 26,Message  | Pearl with Pride | 1 - 30 June 26,2200 | DIA | Message | Pearl with Pride | 1 - 30 June 26 [Other-Province],55-64,female,189,352,3,1,14,THB,8.50666667,25.52,3.97727273,25.52,1/6/2026,30/6/2026
2200 | DIA | Message | Best Seller - สร้อยข้อมือเพชร | 12 - 30 June 26,Message | Best Seller - สร้อยข้อมือเพชร | 12 - 30 June 26,2200 | DIA | Message | Best Seller - สร้อยข้อมือเพชร | 12 - 30 June 26  [BKK],45-54,male,111,286,10,,18,THB,2.532,,6.29370629,25.32,1/6/2026,30/6/2026
2200 | DIA | Message | Mid Year Deals All in June | 1 - 30 June 26,Message | Mid Year Deals All in June | 1 - 30 June 26,2200 | DIA | Message | Mid Year Deals All in June | 1 - 30 June 26  [BKK],45-54,male,92,263,13,5,21,THB,1.85540037,4.82404097,7.98479087,24.12020486,1/6/2026,30/6/2026
2200 | Pearl | Message | Pearl with Pride | 1 - 30 June 26,Pearl | Message | Pearl with Pride | 1 - 30 June 26,2200 | Pearl | Message | Pearl with Pride | 1 - 30 June 26 [Other-Province] - Copy,45-54,male,44,140,1,1,2,THB,23.50141741,23.50141741,1.42857143,23.50141741,1/6/2026,30/6/2026
2200 | Pearl | Message | Pearl with Pride | 1 - 30 June 26,Pearl | Message | Pearl with Pride | 1 - 30 June 26,2200 | Pearl | Message | Pearl with Pride | 1 - 30 June 26  [BKK],18-24,female,141,297,2,,7,THB,10.46021231,,2.35690236,20.92042461,1/6/2026,30/6/2026
2200 | DIA | Message | Best Seller - สร้อยข้อมือเพชร | 12 - 30 June 26,Message | Best Seller - สร้อยข้อมือเพชร | 12 - 30 June 26,2200 | DIA | Message | Best Seller - สร้อยข้อมือเพชร | 12 - 30 June 26 [Other-Province],25-34,male,113,285,2,,7,THB,9.59,,2.45614035,19.18,1/6/2026,30/6/2026
2200 | DIA | Message | Love is Sparkle | 1 - 15 June 26,Message | Love is Sparkle | 1 - 15 June 26,2200 | DIA | Message | Love is Sparkle | 1 - 15 June 26 [BKK],55-64,male,34,69,1,,1,THB,19.15,,1.44927536,19.15,1/6/2026,30/6/2026
2200 | DIA | Message | Best Seller - สร้อยข้อมือเพชร | 12 - 30 June 26,Message | Best Seller - สร้อยข้อมือเพชร | 12 - 30 June 26,2200 | DIA | Message | Best Seller - สร้อยข้อมือเพชร | 12 - 30 June 26 [Other-Province],35-44,male,112,260,3,1,15,THB,6.21666667,18.65,5.76923077,18.65,1/6/2026,30/6/2026
2200 | DIA | Message | Mid Year Deals All in June | 1 - 30 June 26,Message | Mid Year Deals All in June | 1 - 30 June 26,2200 | DIA | Message | Mid Year Deals All in June | 1 - 30 June 26 [Other-Province],35-44,male,140,346,12,1,18,THB,1.43416667,17.21,5.20231214,17.21,1/6/2026,30/6/2026
2200 | Pearl | Message | Pearl with Pride | 1 - 30 June 26,Pearl | Message | Pearl with Pride | 1 - 30 June 26,2200 | Pearl | Message | Pearl with Pride | 1 - 30 June 26  [BKK],65+,female,88,182,2,,5,THB,7.85015933,,2.74725275,15.70031866,1/6/2026,30/6/2026
2200 | Pearl | Message | Pearl with Pride | 1 - 30 June 26,Pearl | Message | Pearl with Pride | 1 - 30 June 26,2200 | Pearl | Message | Pearl with Pride | 1 - 30 June 26  [BKK],35-44,male,101,205,3,2,13,THB,5.12677072,7.69015608,6.34146341,15.38031217,1/6/2026,30/6/2026
2200 | Pearl | Message | Pearl with Pride | 1 - 30 June 26,Pearl | Message | Pearl with Pride | 1 - 30 June 26,2200 | Pearl | Message | Pearl with Pride | 1 - 30 June 26 [Other-Province] - Copy,65+,female,68,169,5,,10,THB,3.07418541,,5.91715976,15.37092705,1/6/2026,30/6/2026
2200 | Pearl | Message | Pearl with Pride | 1 - 30 June 26,Pearl | Message | Pearl with Pride | 1 - 30 June 26,2200 | Pearl | Message | Pearl with Pride | 1 - 30 June 26  [BKK],25-34,male,126,267,3,,8,THB,4.98676788,,2.99625468,14.96030364,1/6/2026,30/6/2026
2200 | Pearl | Message | Pearl with Pride | 1 - 30 June 26,Pearl | Message | Pearl with Pride | 1 - 30 June 26,2200 | Pearl | Message | Pearl with Pride | 1 - 30 June 26  [BKK],45-54,male,64,153,2,,5,THB,7.4151505,,3.26797386,14.830301,1/6/2026,30/6/2026
2200 | DIA | Message | Pearl with Pride | 1 - 30 June 26,Message  | Pearl with Pride | 1 - 30 June 26,2200 | DIA | Message  | Pearl with Pride | 1 - 30 June 26  [BKK],45-54,male,50,88,1,,1,THB,14.58,,1.13636364,14.58,1/6/2026,30/6/2026
2200 | DIA | Message | Pearl with Pride | 1 - 30 June 26,Message  | Pearl with Pride | 1 - 30 June 26,2200 | DIA | Message | Pearl with Pride | 1 - 30 June 26 [Other-Province],65+,female,46,97,3,,6,THB,4.64,,6.18556701,13.92,1/6/2026,30/6/2026
2200 | DIA | Message | Best Seller - สร้อยข้อมือเพชร | 12 - 30 June 26,Message | Best Seller - สร้อยข้อมือเพชร | 12 - 30 June 26,2200 | DIA | Message | Best Seller - สร้อยข้อมือเพชร | 12 - 30 June 26 [Other-Province],65+,female,57,139,5,,9,THB,2.782,,6.47482014,13.91,1/6/2026,30/6/2026
2200 | DIA | Message | Love is Sparkle | 1 - 15 June 26,Message | Love is Sparkle | 1 - 15 June 26,2200 | DIA | Message | Love is Sparkle | 1 - 15 June 26 [BKK],65+,female,31,99,6,,6,THB,2.24833333,,6.06060606,13.49,1/6/2026,30/6/2026
2200 | DIA | Message | Mid Year Deals All in June | 1 - 30 June 26,Message | Mid Year Deals All in June | 1 - 30 June 26,2200 | DIA | Message | Mid Year Deals All in June | 1 - 30 June 26 [Other-Province],25-34,male,155,325,6,1,13,THB,2.16833333,13.01,4,13.01,1/6/2026,30/6/2026
2200 | DIA | Message | Love is Sparkle | 1 - 15 June 26,Message | Love is Sparkle | 1 - 15 June 26,2200 | DIA | Message | Love is Sparkle | 1 - 15 June 26 [Other-Province],55-64,male,16,44,3,1,4,THB,3.99643942,11.98931825,9.09090909,11.98931825,1/6/2026,30/6/2026
2200 | DIA | Message | Mid Year Deals All in June | 1 - 30 June 26,Message | Mid Year Deals All in June | 1 - 30 June 26,2200 | DIA | Message | Mid Year Deals All in June | 1 - 30 June 26 [Other-Province],45-54,male,47,116,6,2,11,THB,1.96333333,5.89,9.48275862,11.78,1/6/2026,30/6/2026
2200 | DIA | Message | Pearl with Pride | 1 - 30 June 26,Message  | Pearl with Pride | 1 - 30 June 26,2200 | DIA | Message  | Pearl with Pride | 1 - 30 June 26  [BKK],65+,female,78,155,4,2,9,THB,2.9125,5.825,5.80645161,11.65,1/6/2026,30/6/2026
2200 | DIA | Message | Pearl with Pride | 1 - 30 June 26,Message  | Pearl with Pride | 1 - 30 June 26,2200 | DIA | Message  | Pearl with Pride | 1 - 30 June 26  [BKK],35-44,male,115,241,8,,15,THB,1.45375,,6.22406639,11.63,1/6/2026,30/6/2026
2200 | DIA | Message | Pearl with Pride | 1 - 30 June 26,Message  | Pearl with Pride | 1 - 30 June 26,2200 | DIA | Message  | Pearl with Pride | 1 - 30 June 26  [BKK],18-24,female,121,230,,,4,THB,,,1.73913043,11.09,1/6/2026,30/6/2026
2200 | DIA | Message | Mid Year Deals All in June | 1 - 30 June 26,Message | Mid Year Deals All in June | 1 - 30 June 26,2200 | DIA | Message | Mid Year Deals All in June | 1 - 30 June 26  [BKK],65+,female,48,110,2,,5,THB,5.46504642,,4.54545455,10.93009283,1/6/2026,30/6/2026
2200 | Pearl | Message | Pearl with Pride | 1 - 30 June 26,Pearl | Message | Pearl with Pride | 1 - 30 June 26,Draft,35-44,female,94,112,6,1,12,THB,1.62833333,9.77,10.71428571,9.77,1/6/2026,30/6/2026
2200 | DIA | Message | Mid Year Deals All in June | 1 - 30 June 26,Message | Mid Year Deals All in June | 1 - 30 June 26,2200 | DIA | Message | Mid Year Deals All in June | 1 - 30 June 26 [Other-Province],65+,female,44,127,7,2,14,THB,1.36285714,4.77,11.02362205,9.54,1/6/2026,30/6/2026
2200 | Pearl | Message | Pearl with Pride | 1 - 30 June 26,Pearl | Message | Pearl with Pride | 1 - 30 June 26,2200 | Pearl | Message | Pearl with Pride | 1 - 30 June 26 [Other-Province] - Copy,18-24,female,77,156,2,1,5,THB,4.73528559,9.47057119,3.20512821,9.47057119,1/6/2026,30/6/2026
2200 | Pearl | Message | Pearl with Pride | 1 - 30 June 26,Pearl | Message | Pearl with Pride | 1 - 30 June 26,2200 | Pearl | Message | Pearl with Pride | 1 - 30 June 26 [Other-Province] - Copy,35-44,male,69,129,,,1,THB,,,0.7751938,9.07054706,1/6/2026,30/6/2026
2200 | DIA | Message | Love is Sparkle | 1 - 15 June 26,Message | Love is Sparkle | 1 - 15 June 26,2200 | DIA | Message | Love is Sparkle | 1 - 15 June 26 [Other-Province],45-54,male,47,90,1,,2,THB,8.95949053,,2.22222222,8.95949053,1/6/2026,30/6/2026
2200 | DIA | Message | Pearl with Pride | 1 - 30 June 26,Message  | Pearl with Pride | 1 - 30 June 26,2200 | DIA | Message | Pearl with Pride | 1 - 30 June 26 [Other-Province],45-54,male,31,49,1,,2,THB,8.69,,4.08163265,8.69,1/6/2026,30/6/2026
2200 | DIA | Message | Best Seller - สร้อยข้อมือเพชร | 12 - 30 June 26,Message | Best Seller - สร้อยข้อมือเพชร | 12 - 30 June 26,2200 | DIA | Message | Best Seller - สร้อยข้อมือเพชร | 12 - 30 June 26 [Other-Province],45-54,male,36,85,4,2,8,THB,2.17,4.34,9.41176471,8.68,1/6/2026,30/6/2026
2200 | DIA | Message | Love is Sparkle | 1 - 15 June 26,Message | Love is Sparkle | 1 - 15 June 26,2200 | DIA | Message | Love is Sparkle | 1 - 15 June 26 [Other-Province],55-64,female,57,98,3,,2,THB,2.89316882,,2.04081633,8.67950645,1/6/2026,30/6/2026
2200 | Pearl | Message | Pearl with Pride | 1 - 30 June 26,Pearl | Message | Pearl with Pride | 1 - 30 June 26,Draft,45-54,female,64,71,1,,4,THB,8.49,,5.63380282,8.49,1/6/2026,30/6/2026
2200 | DIA | Awareness | Mid Year Deals All in June | 1 - 30 June 26,Awareness | Mid Year Deals All in June | 1 - 30 June 26,2200 | DIA | Awareness | Mid Year Deals All in June | 1 - 30 June 26 [Other-Province],25-34,unknown,695,1034,6,,1,THB,1.38667592,,0.0967118,8.32005551,1/6/2026,30/6/2026
2200 | DIA | Message | Pearl with Pride | 1 - 30 June 26,Message  | Pearl with Pride | 1 - 30 June 26,2200 | DIA | Message  | Pearl with Pride | 1 - 30 June 26  [BKK],25-34,male,110,212,1,,6,THB,7.6,,2.83018868,7.6,1/6/2026,30/6/2026
2200 | Pearl | Message | Pearl with Pride | 1 - 30 June 26,Pearl | Message | Pearl with Pride | 1 - 30 June 26,2200 | Pearl | Message | Pearl with Pride | 1 - 30 June 26 [Other-Province] - Copy,25-34,male,60,110,1,1,4,THB,7.54045478,7.54045478,3.63636364,7.54045478,1/6/2026,30/6/2026
2200 | DIA | Message | Pearl with Pride | 1 - 30 June 26,Message  | Pearl with Pride | 1 - 30 June 26,2200 | DIA | Message | Pearl with Pride | 1 - 30 June 26 [Other-Province],25-34,male,78,143,1,,5,THB,7.34,,3.4965035,7.34,1/6/2026,30/6/2026
2200 | DIA | Awareness | Pearl with Pride | 1 - 30 June 26,Awareness | Pearl with Pride | 1 - 30 June 26,2200 | DIA | Awareness | Pearl with Pride | 1 - 30 June 26  [BKK],18-24,unknown,559,838,,,0,THB,,,0,6.85975106,1/6/2026,30/6/2026
2200 | DIA | Awareness | NEW ARRIVALS | 16 - 30 June 26,Awareness | NEW ARRIVALS | 16 - 30 June 26,2200 | DIA | Awareness | NEW ARRIVALS | 16 - 30 June 26,18-24,unknown,434,602,,,0,THB,,,0,6.0500968,1/6/2026,30/6/2026
2200 | DIA | Awareness | Pearl with Pride | 1 - 30 June 26,Awareness | Pearl with Pride | 1 - 30 June 26,2200 | DIA | Awareness | Pearl with Pride | 1 - 30 June 26 [Other-Province],18-24,unknown,504,749,1,,1,THB,5.98993946,,0.13351135,5.98993946,1/6/2026,30/6/2026
2200 | DIA | Message | Pearl with Pride | 1 - 30 June 26,Message  | Pearl with Pride | 1 - 30 June 26,2200 | DIA | Message | Pearl with Pride | 1 - 30 June 26 [Other-Province],18-24,female,72,162,1,,3,THB,5.66,,1.85185185,5.66,1/6/2026,30/6/2026
2200 | DIA | Message | Pearl with Pride | 1 - 30 June 26,Message  | Pearl with Pride | 1 - 30 June 26,2200 | DIA | Message | Pearl with Pride | 1 - 30 June 26 [Other-Province],35-44,male,71,134,,,3,THB,,,2.23880597,5.48,1/6/2026,30/6/2026
2200 | DIA | Message | Mid Year Deals All in June | 1 - 30 June 26,Message | Mid Year Deals All in June | 1 - 30 June 26,2200 | DIA | Message | Mid Year Deals All in June | 1 - 30 June 26  [BKK],55-64,male,23,43,,,2,THB,,,4.65116279,5.16004383,1/6/2026,30/6/2026
2200 | DIA | Awareness | MID YEAR SALE | 16 - 30 June 26,Awareness | MID YEAR SALE | 16 - 30 June 26,2200 | DIA | Awareness | MID YEAR SALE | 16 - 30 June 26,18-24,unknown,356,486,1,,1,THB,5.0401008,,0.20576132,5.0401008,1/6/2026,30/6/2026
2200 | DIA | Message | Mid Year Deals All in June | 1 - 30 June 26,Message | Mid Year Deals All in June | 1 - 30 June 26,2200 | DIA | Message | Mid Year Deals All in June | 1 - 30 June 26 [Other-Province],55-64,male,18,40,4,,3,THB,1.18,,7.5,4.72,1/6/2026,30/6/2026
2200 | DIA | Awareness | NEW ARRIVALS | 16 - 30 June 26,Awareness | NEW ARRIVALS | 16 - 30 June 26,2200 | DIA | Awareness | NEW ARRIVALS | 16 - 30 June 26,25-34,unknown,353,471,1,,1,THB,4.31006896,,0.21231423,4.31006896,1/6/2026,30/6/2026
2200 | Pearl | Message | Pearl with Pride | 1 - 30 June 26,Pearl | Message | Pearl with Pride | 1 - 30 June 26,Draft,25-34,female,53,64,,,1,THB,,,1.5625,4.3,1/6/2026,30/6/2026
2200 | DIA | Awareness | Mid Year Deals All in June | 1 - 30 June 26,Awareness | Mid Year Deals All in June | 1 - 30 June 26,2200 | DIA | Awareness | Mid Year Deals All in June | 1 - 30 June 26 [Other-Province],35-44,unknown,361,528,,,0,THB,,,0,4.19002796,1/6/2026,30/6/2026
2200 | DIA | Awareness | MID YEAR SALE | 16 - 30 June 26,Awareness | MID YEAR SALE | 16 - 30 June 26,2200 | DIA | Awareness | MID YEAR SALE | 16 - 30 June 26,25-34,unknown,343,447,3,,2,THB,1.3900278,,0.44742729,4.1700834,1/6/2026,30/6/2026
2200 | DIA | Awareness | Love is Sparkle | 1 - 15 June 26,Awareness | Love is Sparkle | 1 - 15 June 26,2200 | DIA | Awareness | Love is Sparkle | 1 - 15 June 26 [Other-Province],25-34,unknown,430,522,,,1,THB,,,0.19157088,3.74992572,1/6/2026,30/6/2026
2200 | Pearl | Message | Pearl with Pride | 1 - 30 June 26,Pearl | Message | Pearl with Pride | 1 - 30 June 26,2200 | Pearl | Message | Pearl with Pride | 1 - 30 June 26  [BKK],18-24,male,28,42,,,1,THB,,,2.38095238,3.24006576,1/6/2026,30/6/2026
2200 | DIA | Awareness | Love is Sparkle | 1 - 15 June 26,Awareness | Love is Sparkle | 1 - 15 June 26,2200 | DIA | Awareness | Love is Sparkle | 1 - 15 June 26 [BKK],25-34,unknown,333,407,2,,1,THB,1.48497852,,0.24570025,2.96995704,1/6/2026,30/6/2026
2200 | DIA | Message | Best Seller - สร้อยข้อมือเพชร | 12 - 30 June 26,Message | Best Seller - สร้อยข้อมือเพชร | 12 - 30 June 26,2200 | DIA | Message | Best Seller - สร้อยข้อมือเพชร | 12 - 30 June 26  [BKK],55-64,male,23,42,1,,1,THB,2.93,,2.38095238,2.93,1/6/2026,30/6/2026
2200 | DIA | Message | Love is Sparkle | 1 - 15 June 26,Message | Love is Sparkle | 1 - 15 June 26,2200 | DIA | Message | Love is Sparkle | 1 - 15 June 26 [Other-Province],65+,female,19,30,,,0,THB,,,0,2.91983397,1/6/2026,30/6/2026
2200 | DIA | Awareness | Mid Year Deals All in June | 1 - 30 June 26,Awareness | Mid Year Deals All in June | 1 - 30 June 26,2200 | DIA | Awareness | Mid Year Deals All in June | 1 - 30 June 26 [Other-Province],45-54,unknown,244,370,,,0,THB,,,0,2.91001942,1/6/2026,30/6/2026
2200 | DIA | Message | Love is Sparkle | 1 - 15 June 26,Message | Love is Sparkle | 1 - 15 June 26,2200 | DIA | Message | Love is Sparkle | 1 - 15 June 26 [BKK],35-44,unknown,32,56,1,,2,THB,2.88,,3.57142857,2.88,1/6/2026,30/6/2026
2200 | DIA | Message | Love is Sparkle | 1 - 15 June 26,Message | Love is Sparkle | 1 - 15 June 26,2200 | DIA | Message | Love is Sparkle | 1 - 15 June 26 [Other-Province],35-44,unknown,14,32,4,,3,THB,0.69746034,,9.375,2.78984136,1/6/2026,30/6/2026
2200 | DIA | Awareness | Pearl with Pride | 1 - 30 June 26,Awareness | Pearl with Pride | 1 - 30 June 26,2200 | DIA | Awareness | Pearl with Pride | 1 - 30 June 26  [BKK],25-34,unknown,245,324,1,,1,THB,2.62990456,,0.30864198,2.62990456,1/6/2026,30/6/2026
2200 | DIA | Awareness | Love is Sparkle | 1 - 15 June 26,Awareness | Love is Sparkle | 1 - 15 June 26,2200 | DIA | Awareness | Love is Sparkle | 1 - 15 June 26 [Other-Province],35-44,unknown,275,357,1,,1,THB,2.54994949,,0.28011204,2.54994949,1/6/2026,30/6/2026
2200 | DIA | Message | Best Seller - สร้อยข้อมือเพชร | 12 - 30 June 26,Message | Best Seller - สร้อยข้อมือเพชร | 12 - 30 June 26,2200 | DIA | Message | Best Seller - สร้อยข้อมือเพชร | 12 - 30 June 26 [Other-Province],55-64,male,13,30,1,,2,THB,2.52,,6.66666667,2.52,1/6/2026,30/6/2026
2200 | DIA | Awareness | Pearl with Pride | 1 - 30 June 26,Awareness | Pearl with Pride | 1 - 30 June 26,2200 | DIA | Awareness | Pearl with Pride | 1 - 30 June 26 [Other-Province],25-34,unknown,264,317,1,,1,THB,2.50997463,,0.31545741,2.50997463,1/6/2026,30/6/2026
2200 | DIA | Awareness | MID YEAR SALE | 16 - 30 June 26,Awareness | MID YEAR SALE | 16 - 30 June 26,2200 | DIA | Awareness | MID YEAR SALE | 16 - 30 June 26,35-44,unknown,199,271,,,0,THB,,,0,2.50005,1/6/2026,30/6/2026
2200 | DIA | Awareness | NEW ARRIVALS | 16 - 30 June 26,Awareness | NEW ARRIVALS | 16 - 30 June 26,2200 | DIA | Awareness | NEW ARRIVALS | 16 - 30 June 26,35-44,unknown,199,270,,,0,THB,,,0,2.46003936,1/6/2026,30/6/2026
2200 | DIA | Awareness | Mid Year Deals All in June | 1 - 30 June 26,Awareness | Mid Year Deals All in June | 1 - 30 June 26,2200 | DIA | Awareness | Mid Year Deals All in June | 1 - 30 June 26 [Other-Province],55-64,unknown,158,274,2,,2,THB,1.18500791,,0.72992701,2.37001581,1/6/2026,30/6/2026
2200 | DIA | Awareness | NEW ARRIVALS | 16 - 30 June 26,Awareness | NEW ARRIVALS | 16 - 30 June 26,2200 | DIA | Awareness | NEW ARRIVALS | 16 - 30 June 26,45-54,unknown,138,209,,,0,THB,,,0,2.1000336,1/6/2026,30/6/2026
2200 | Pearl | Message | Pearl with Pride | 1 - 30 June 26,Pearl | Message | Pearl with Pride | 1 - 30 June 26,Draft,55-64,female,18,21,1,1,3,THB,2.09,2.09,14.28571429,2.09,1/6/2026,30/6/2026
2200 | DIA | Awareness | MID YEAR SALE | 16 - 30 June 26,Awareness | MID YEAR SALE | 16 - 30 June 26,2200 | DIA | Awareness | MID YEAR SALE | 16 - 30 June 26,45-54,unknown,138,209,,,0,THB,,,0,2.0300406,1/6/2026,30/6/2026
2200 | DIA | Message | Love is Sparkle | 1 - 15 June 26,Message | Love is Sparkle | 1 - 15 June 26,2200 | DIA | Message | Love is Sparkle | 1 - 15 June 26 [BKK],65+,male,13,33,,,0,THB,,,0,2,1/6/2026,30/6/2026
2200 | Pearl | Message | Pearl with Pride | 1 - 30 June 26,Pearl | Message | Pearl with Pride | 1 - 30 June 26,2200 | Pearl | Message | Pearl with Pride | 1 - 30 June 26  [BKK],45-54,unknown,3,4,1,,1,THB,1.97003998,,25,1.97003998,1/6/2026,30/6/2026
2200 | DIA | Awareness | Mid Year Deals All in June | 1 - 30 June 26,Awareness | Mid Year Deals All in June | 1 - 30 June 26,2200 | DIA | Awareness | Mid Year Deals All in June | 1 - 30 June 26  [BKK],25-34,unknown,205,240,1,,0,THB,1.95,,0,1.95,1/6/2026,30/6/2026
2200 | Pearl | Message | Pearl with Pride | 1 - 30 June 26,Pearl | Message | Pearl with Pride | 1 - 30 June 26,2200 | Pearl | Message | Pearl with Pride | 1 - 30 June 26  [BKK],35-44,unknown,11,25,,,0,THB,,,0,1.82003694,1/6/2026,30/6/2026
2200 | DIA | Message | Love is Sparkle | 1 - 15 June 26,Message | Love is Sparkle | 1 - 15 June 26,2200 | DIA | Message | Love is Sparkle | 1 - 15 June 26 [BKK],25-34,unknown,14,32,1,,2,THB,1.82,,6.25,1.82,1/6/2026,30/6/2026
2200 | DIA | Awareness | Love is Sparkle | 1 - 15 June 26,Awareness | Love is Sparkle | 1 - 15 June 26,2200 | DIA | Awareness | Love is Sparkle | 1 - 15 June 26 [BKK],35-44,unknown,214,252,3,,2,THB,0.60332461,,0.79365079,1.80997382,1/6/2026,30/6/2026
2200 | DIA | Awareness | Love is Sparkle | 1 - 15 June 26,Awareness | Love is Sparkle | 1 - 15 June 26,2200 | DIA | Awareness | Love is Sparkle | 1 - 15 June 26 [Other-Province],45-54,unknown,183,250,,,0,THB,,,0,1.78996454,1/6/2026,30/6/2026
2200 | DIA | Awareness | Mid Year Deals All in June | 1 - 30 June 26,Awareness | Mid Year Deals All in June | 1 - 30 June 26,2200 | DIA | Awareness | Mid Year Deals All in June | 1 - 30 June 26 [Other-Province],65+,unknown,131,213,1,,1,THB,1.75001168,,0.46948357,1.75001168,1/6/2026,30/6/2026
2200 | DIA | Awareness | NEW ARRIVALS | 16 - 30 June 26,Awareness | NEW ARRIVALS | 16 - 30 June 26,2200 | DIA | Awareness | NEW ARRIVALS | 16 - 30 June 26,55-64,unknown,106,165,,,0,THB,,,0,1.64002624,1/6/2026,30/6/2026
2200 | DIA | Awareness | Mid Year Deals All in June | 1 - 30 June 26,Awareness | Mid Year Deals All in June | 1 - 30 June 26,2200 | DIA | Awareness | Mid Year Deals All in June | 1 - 30 June 26  [BKK],35-44,unknown,180,220,,,1,THB,,,0.45454545,1.64,1/6/2026,30/6/2026
2200 | DIA | Awareness | Love is Sparkle | 1 - 15 June 26,Awareness | Love is Sparkle | 1 - 15 June 26,2200 | DIA | Awareness | Love is Sparkle | 1 - 15 June 26 [BKK],45-54,unknown,175,213,,,0,THB,,,0,1.62997642,1/6/2026,30/6/2026
2200 | Pearl | Message | Pearl with Pride | 1 - 30 June 26,Pearl | Message | Pearl with Pride | 1 - 30 June 26,2200 | Pearl | Message | Pearl with Pride | 1 - 30 June 26  [BKK],55-64,male,10,21,,,0,THB,,,0,1.59003227,1/6/2026,30/6/2026
2200 | DIA | Message | Mid Year Deals All in June | 1 - 30 June 26,Message | Mid Year Deals All in June | 1 - 30 June 26,2200 | DIA | Message | Mid Year Deals All in June | 1 - 30 June 26  [BKK],65+,male,9,17,1,,3,THB,1.53001299,,17.64705882,1.53001299,1/6/2026,30/6/2026
2200 | DIA | Message | Best Seller - สร้อยข้อมือเพชร | 12 - 30 June 26,Message | Best Seller - สร้อยข้อมือเพชร | 12 - 30 June 26,2200 | DIA | Message | Best Seller - สร้อยข้อมือเพชร | 12 - 30 June 26  [BKK],35-44,unknown,7,14,,,0,THB,,,0,1.51,1/6/2026,30/6/2026
2200 | DIA | Message | Pearl with Pride | 1 - 30 June 26,Message  | Pearl with Pride | 1 - 30 June 26,2200 | DIA | Message  | Pearl with Pride | 1 - 30 June 26  [BKK],25-34,unknown,10,22,1,,2,THB,1.44,,9.09090909,1.44,1/6/2026,30/6/2026
2200 | DIA | Awareness | Love is Sparkle | 1 - 15 June 26,Awareness | Love is Sparkle | 1 - 15 June 26,2200 | DIA | Awareness | Love is Sparkle | 1 - 15 June 26 [Other-Province],55-64,unknown,140,195,1,,1,THB,1.37997266,,0.51282051,1.37997266,1/6/2026,30/6/2026
2200 | DIA | Awareness | Love is Sparkle | 1 - 15 June 26,Awareness | Love is Sparkle | 1 - 15 June 26,2200 | DIA | Awareness | Love is Sparkle | 1 - 15 June 26 [BKK],55-64,unknown,145,181,,,0,THB,,,0,1.32998076,1/6/2026,30/6/2026
2200 | DIA | Awareness | Pearl with Pride | 1 - 30 June 26,Awareness | Pearl with Pride | 1 - 30 June 26,2200 | DIA | Awareness | Pearl with Pride | 1 - 30 June 26 [Other-Province],35-44,unknown,142,170,1,,0,THB,1.26998716,,0,1.26998716,1/6/2026,30/6/2026
2200 | DIA | Message | Pearl with Pride | 1 - 30 June 26,Message  | Pearl with Pride | 1 - 30 June 26,2200 | DIA | Message  | Pearl with Pride | 1 - 30 June 26  [BKK],55-64,male,11,18,,,0,THB,,,0,1.25,1/6/2026,30/6/2026
2200 | DIA | Awareness | Pearl with Pride | 1 - 30 June 26,Awareness | Pearl with Pride | 1 - 30 June 26,2200 | DIA | Awareness | Pearl with Pride | 1 - 30 June 26  [BKK],35-44,unknown,119,150,,,0,THB,,,0,1.239955,1/6/2026,30/6/2026
2200 | DIA | Awareness | Mid Year Deals All in June | 1 - 30 June 26,Awareness | Mid Year Deals All in June | 1 - 30 June 26,2200 | DIA | Awareness | Mid Year Deals All in June | 1 - 30 June 26  [BKK],45-54,unknown,118,145,,,0,THB,,,0,1.22,1/6/2026,30/6/2026
2200 | DIA | Awareness | Pearl with Pride | 1 - 30 June 26,Awareness | Pearl with Pride | 1 - 30 June 26,2200 | DIA | Awareness | Pearl with Pride | 1 - 30 June 26 [Other-Province],55-64,unknown,107,151,,,0,THB,,,0,1.14998838,1/6/2026,30/6/2026
2200 | DIA | Awareness | MID YEAR SALE | 16 - 30 June 26,Awareness | MID YEAR SALE | 16 - 30 June 26,2200 | DIA | Awareness | MID YEAR SALE | 16 - 30 June 26,65+,unknown,73,116,,,0,THB,,,0,1.1300226,1/6/2026,30/6/2026
2200 | DIA | Awareness | MID YEAR SALE | 16 - 30 June 26,Awareness | MID YEAR SALE | 16 - 30 June 26,2200 | DIA | Awareness | MID YEAR SALE | 16 - 30 June 26,55-64,unknown,72,111,,,0,THB,,,0,1.0900218,1/6/2026,30/6/2026
2200 | DIA | Message | Best Seller - สร้อยข้อมือเพชร | 12 - 30 June 26,Message | Best Seller - สร้อยข้อมือเพชร | 12 - 30 June 26,2200 | DIA | Message | Best Seller - สร้อยข้อมือเพชร | 12 - 30 June 26  [BKK],65+,male,9,33,,,1,THB,,,3.03030303,1.08,1/6/2026,30/6/2026
2200 | DIA | Awareness | Love is Sparkle | 1 - 15 June 26,Awareness | Love is Sparkle | 1 - 15 June 26,2200 | DIA | Awareness | Love is Sparkle | 1 - 15 June 26 [Other-Province],65+,unknown,95,133,,,0,THB,,,0,1.0399794,1/6/2026,30/6/2026
2200 | DIA | Awareness | Pearl with Pride | 1 - 30 June 26,Awareness | Pearl with Pride | 1 - 30 June 26,2200 | DIA | Awareness | Pearl with Pride | 1 - 30 June 26 [Other-Province],45-54,unknown,102,125,1,,1,THB,1.01998969,,0.8,1.01998969,1/6/2026,30/6/2026
2200 | Pearl | Message | Pearl with Pride | 1 - 30 June 26,Pearl | Message | Pearl with Pride | 1 - 30 June 26,2200 | Pearl | Message | Pearl with Pride | 1 - 30 June 26 [Other-Province] - Copy,35-44,unknown,8,18,1,,2,THB,1.00006032,,11.11111111,1.00006032,1/6/2026,30/6/2026
2200 | DIA | Message | Mid Year Deals All in June | 1 - 30 June 26,Message | Mid Year Deals All in June | 1 - 30 June 26,2200 | DIA | Message | Mid Year Deals All in June | 1 - 30 June 26  [BKK],45-54,unknown,5,11,,,1,THB,,,9.09090909,0.99000841,1/6/2026,30/6/2026
2200 | DIA | Awareness | Love is Sparkle | 1 - 15 June 26,Awareness | Love is Sparkle | 1 - 15 June 26,2200 | DIA | Awareness | Love is Sparkle | 1 - 15 June 26 [BKK],65+,unknown,103,127,,,0,THB,,,0,0.97998582,1/6/2026,30/6/2026
2200 | Pearl | Message | Pearl with Pride | 1 - 30 June 26,Pearl | Message | Pearl with Pride | 1 - 30 June 26,Draft,65+,female,4,5,,,2,THB,,,40,0.91,1/6/2026,30/6/2026
2200 | DIA | Awareness | Mid Year Deals All in June | 1 - 30 June 26,Awareness | Mid Year Deals All in June | 1 - 30 June 26,2200 | DIA | Awareness | Mid Year Deals All in June | 1 - 30 June 26  [BKK],55-64,unknown,77,103,,,0,THB,,,0,0.87,1/6/2026,30/6/2026
2200 | DIA | Message | Mid Year Deals All in June | 1 - 30 June 26,Message | Mid Year Deals All in June | 1 - 30 June 26,2200 | DIA | Message | Mid Year Deals All in June | 1 - 30 June 26  [BKK],25-34,unknown,8,9,,,0,THB,,,0,0.8600073,1/6/2026,30/6/2026
2200 | DIA | Message | Mid Year Deals All in June | 1 - 30 June 26,Message | Mid Year Deals All in June | 1 - 30 June 26,2200 | DIA | Message | Mid Year Deals All in June | 1 - 30 June 26 [Other-Province],45-54,unknown,7,11,3,,4,THB,0.28666667,,36.36363636,0.86,1/6/2026,30/6/2026
2200 | DIA | Awareness | Pearl with Pride | 1 - 30 June 26,Awareness | Pearl with Pride | 1 - 30 June 26,2200 | DIA | Awareness | Pearl with Pride | 1 - 30 June 26  [BKK],55-64,unknown,73,99,1,,1,THB,0.85996879,,1.01010101,0.85996879,1/6/2026,30/6/2026
2200 | DIA | Awareness | NEW ARRIVALS | 16 - 30 June 26,Awareness | NEW ARRIVALS | 16 - 30 June 26,2200 | DIA | Awareness | NEW ARRIVALS | 16 - 30 June 26,65+,unknown,63,93,,,0,THB,,,0,0.84001344,1/6/2026,30/6/2026
2200 | DIA | Awareness | Pearl with Pride | 1 - 30 June 26,Awareness | Pearl with Pride | 1 - 30 June 26,2200 | DIA | Awareness | Pearl with Pride | 1 - 30 June 26  [BKK],45-54,unknown,76,102,,,0,THB,,,0,0.79997097,1/6/2026,30/6/2026
2200 | DIA | Awareness | Pearl with Pride | 1 - 30 June 26,Awareness | Pearl with Pride | 1 - 30 June 26,2200 | DIA | Awareness | Pearl with Pride | 1 - 30 June 26 [Other-Province],65+,unknown,67,100,,,0,THB,,,0,0.78999202,1/6/2026,30/6/2026
2200 | Pearl | Message | Pearl with Pride | 1 - 30 June 26,Pearl | Message | Pearl with Pride | 1 - 30 June 26,2200 | Pearl | Message | Pearl with Pride | 1 - 30 June 26 [Other-Province] - Copy,55-64,male,7,12,1,,1,THB,0.74004463,,8.33333333,0.74004463,1/6/2026,30/6/2026
2200 | DIA | Message | Pearl with Pride | 1 - 30 June 26,Message  | Pearl with Pride | 1 - 30 June 26,2200 | DIA | Message  | Pearl with Pride | 1 - 30 June 26  [BKK],18-24,male,19,25,,,0,THB,,,0,0.73,1/6/2026,30/6/2026
2200 | DIA | Message | Pearl with Pride | 1 - 30 June 26,Message  | Pearl with Pride | 1 - 30 June 26,2200 | DIA | Message  | Pearl with Pride | 1 - 30 June 26  [BKK],35-44,unknown,11,18,,,1,THB,,,5.55555556,0.72,1/6/2026,30/6/2026
2200 | DIA | Awareness | Mid Year Deals All in June | 1 - 30 June 26,Awareness | Mid Year Deals All in June | 1 - 30 June 26,2200 | DIA | Awareness | Mid Year Deals All in June | 1 - 30 June 26  [BKK],65+,unknown,62,87,1,,0,THB,0.68,,0,0.68,1/6/2026,30/6/2026
2200 | Pearl | Message | Pearl with Pride | 1 - 30 June 26,Pearl | Message | Pearl with Pride | 1 - 30 June 26,2200 | Pearl | Message | Pearl with Pride | 1 - 30 June 26 [Other-Province] - Copy,45-54,unknown,8,13,,,0,THB,,,0,0.65003921,1/6/2026,30/6/2026
2200 | DIA | Message | Love is Sparkle | 1 - 15 June 26,Message | Love is Sparkle | 1 - 15 June 26,2200 | DIA | Message | Love is Sparkle | 1 - 15 June 26 [BKK],45-54,unknown,4,6,,,0,THB,,,0,0.63,1/6/2026,30/6/2026
2200 | DIA | Awareness | Pearl with Pride | 1 - 30 June 26,Awareness | Pearl with Pride | 1 - 30 June 26,2200 | DIA | Awareness | Pearl with Pride | 1 - 30 June 26  [BKK],65+,unknown,51,71,,,0,THB,,,0,0.59997823,1/6/2026,30/6/2026
2200 | Pearl | Message | Pearl with Pride | 1 - 30 June 26,Pearl | Message | Pearl with Pride | 1 - 30 June 26,2200 | Pearl | Message | Pearl with Pride | 1 - 30 June 26 [Other-Province] - Copy,18-24,male,16,19,,,2,THB,,,10.52631579,0.59003559,1/6/2026,30/6/2026
2200 | DIA | Message | Best Seller - สร้อยข้อมือเพชร | 12 - 30 June 26,Message | Best Seller - สร้อยข้อมือเพชร | 12 - 30 June 26,2200 | DIA | Message | Best Seller - สร้อยข้อมือเพชร | 12 - 30 June 26 [Other-Province],35-44,unknown,8,14,,,0,THB,,,0,0.59,1/6/2026,30/6/2026
2200 | DIA | Message | Love is Sparkle | 1 - 15 June 26,Message | Love is Sparkle | 1 - 15 June 26,2200 | DIA | Message | Love is Sparkle | 1 - 15 June 26 [Other-Province],25-34,unknown,9,15,2,,1,THB,0.29498323,,6.66666667,0.58996645,1/6/2026,30/6/2026
2200 | DIA | Message | Mid Year Deals All in June | 1 - 30 June 26,Message | Mid Year Deals All in June | 1 - 30 June 26,2200 | DIA | Message | Mid Year Deals All in June | 1 - 30 June 26 [Other-Province],35-44,unknown,6,12,,,0,THB,,,0,0.57,1/6/2026,30/6/2026
2200 | Pearl | Message | Pearl with Pride | 1 - 30 June 26,Pearl | Message | Pearl with Pride | 1 - 30 June 26,2200 | Pearl | Message | Pearl with Pride | 1 - 30 June 26  [BKK],25-34,unknown,7,11,,,2,THB,,,18.18181818,0.56001137,1/6/2026,30/6/2026
2200 | DIA | Message | Best Seller - สร้อยข้อมือเพชร | 12 - 30 June 26,Message | Best Seller - สร้อยข้อมือเพชร | 12 - 30 June 26,2200 | DIA | Message | Best Seller - สร้อยข้อมือเพชร | 12 - 30 June 26  [BKK],25-34,unknown,8,16,,,2,THB,,,12.5,0.56,1/6/2026,30/6/2026
2200 | DIA | Message | Pearl with Pride | 1 - 30 June 26,Message  | Pearl with Pride | 1 - 30 June 26,2200 | DIA | Message | Pearl with Pride | 1 - 30 June 26 [Other-Province],45-54,unknown,5,6,,,0,THB,,,0,0.55,1/6/2026,30/6/2026
2200 | DIA | Message | Pearl with Pride | 1 - 30 June 26,Message  | Pearl with Pride | 1 - 30 June 26,2200 | DIA | Message | Pearl with Pride | 1 - 30 June 26 [Other-Province],35-44,unknown,9,16,,,1,THB,,,6.25,0.54,1/6/2026,30/6/2026
2200 | Pearl | Message | Pearl with Pride | 1 - 30 June 26,Pearl | Message | Pearl with Pride | 1 - 30 June 26,2200 | Pearl | Message | Pearl with Pride | 1 - 30 June 26  [BKK],18-24,unknown,4,4,,,0,THB,,,0,0.52001055,1/6/2026,30/6/2026
2200 | DIA | Message | Pearl with Pride | 1 - 30 June 26,Message  | Pearl with Pride | 1 - 30 June 26,2200 | DIA | Message | Pearl with Pride | 1 - 30 June 26 [Other-Province],55-64,male,8,13,2,,2,THB,0.26,,15.38461538,0.52,1/6/2026,30/6/2026
2200 | DIA | Message | Pearl with Pride | 1 - 30 June 26,Message  | Pearl with Pride | 1 - 30 June 26,2200 | DIA | Message  | Pearl with Pride | 1 - 30 June 26  [BKK],45-54,unknown,4,5,,,0,THB,,,0,0.5,1/6/2026,30/6/2026
2200 | Pearl | Message | Pearl with Pride | 1 - 30 June 26,Pearl | Message | Pearl with Pride | 1 - 30 June 26,2200 | Pearl | Message | Pearl with Pride | 1 - 30 June 26  [BKK],65+,male,9,9,,,0,THB,,,0,0.49000995,1/6/2026,30/6/2026
2200 | DIA | Message | Mid Year Deals All in June | 1 - 30 June 26,Message | Mid Year Deals All in June | 1 - 30 June 26,2200 | DIA | Message | Mid Year Deals All in June | 1 - 30 June 26  [BKK],35-44,unknown,5,13,,,0,THB,,,0,0.47000399,1/6/2026,30/6/2026
2200 | Pearl | Message | Pearl with Pride | 1 - 30 June 26,Pearl | Message | Pearl with Pride | 1 - 30 June 26,2200 | Pearl | Message | Pearl with Pride | 1 - 30 June 26 [Other-Province] - Copy,25-34,unknown,5,18,1,,2,THB,0.46002775,,11.11111111,0.46002775,1/6/2026,30/6/2026
2200 | Pearl | Message | Pearl with Pride | 1 - 30 June 26,Pearl | Message | Pearl with Pride | 1 - 30 June 26,Draft,25-34,male,4,6,,,0,THB,,,0,0.45,1/6/2026,30/6/2026
2200 | DIA | Message | Mid Year Deals All in June | 1 - 30 June 26,Message | Mid Year Deals All in June | 1 - 30 June 26,2200 | DIA | Message | Mid Year Deals All in June | 1 - 30 June 26 [Other-Province],65+,male,5,6,,,0,THB,,,0,0.42,1/6/2026,30/6/2026
2200 | DIA | Message | Best Seller - สร้อยข้อมือเพชร | 12 - 30 June 26,Message | Best Seller - สร้อยข้อมือเพชร | 12 - 30 June 26,2200 | DIA | Message | Best Seller - สร้อยข้อมือเพชร | 12 - 30 June 26 [Other-Province],25-34,unknown,8,14,,,0,THB,,,0,0.41,1/6/2026,30/6/2026
2200 | DIA | Message | Love is Sparkle | 1 - 15 June 26,Message | Love is Sparkle | 1 - 15 June 26,2200 | DIA | Message | Love is Sparkle | 1 - 15 June 26 [Other-Province],65+,male,8,13,,,1,THB,,,7.69230769,0.3499801,1/6/2026,30/6/2026
2200 | DIA | Message | Best Seller - สร้อยข้อมือเพชร | 12 - 30 June 26,Message | Best Seller - สร้อยข้อมือเพชร | 12 - 30 June 26,2200 | DIA | Message | Best Seller - สร้อยข้อมือเพชร | 12 - 30 June 26  [BKK],55-64,unknown,2,4,,,0,THB,,,0,0.31,1/6/2026,30/6/2026
2200 | DIA | Message | Best Seller - สร้อยข้อมือเพชร | 12 - 30 June 26,Message | Best Seller - สร้อยข้อมือเพชร | 12 - 30 June 26,2200 | DIA | Message | Best Seller - สร้อยข้อมือเพชร | 12 - 30 June 26 [Other-Province],45-54,unknown,6,6,,,0,THB,,,0,0.3,1/6/2026,30/6/2026
2200 | DIA | Message | Pearl with Pride | 1 - 30 June 26,Message  | Pearl with Pride | 1 - 30 June 26,2200 | DIA | Message | Pearl with Pride | 1 - 30 June 26 [Other-Province],25-34,unknown,8,15,2,,2,THB,0.13,,13.33333333,0.26,1/6/2026,30/6/2026
2200 | DIA | Message | Pearl with Pride | 1 - 30 June 26,Message  | Pearl with Pride | 1 - 30 June 26,2200 | DIA | Message | Pearl with Pride | 1 - 30 June 26 [Other-Province],18-24,male,6,14,,,0,THB,,,0,0.24,1/6/2026,30/6/2026
2200 | DIA | Message | Pearl with Pride | 1 - 30 June 26,Message  | Pearl with Pride | 1 - 30 June 26,2200 | DIA | Message | Pearl with Pride | 1 - 30 June 26 [Other-Province],65+,male,4,10,1,,2,THB,0.24,,20,0.24,1/6/2026,30/6/2026
2200 | DIA | Message | Best Seller - สร้อยข้อมือเพชร | 12 - 30 June 26,Message | Best Seller - สร้อยข้อมือเพชร | 12 - 30 June 26,2200 | DIA | Message | Best Seller - สร้อยข้อมือเพชร | 12 - 30 June 26 [Other-Province],65+,male,4,27,,,0,THB,,,0,0.24,1/6/2026,30/6/2026
2200 | DIA | Message | Mid Year Deals All in June | 1 - 30 June 26,Message | Mid Year Deals All in June | 1 - 30 June 26,2200 | DIA | Message | Mid Year Deals All in June | 1 - 30 June 26 [Other-Province],25-34,unknown,5,11,1,,3,THB,0.21,,27.27272727,0.21,1/6/2026,30/6/2026
2200 | DIA | Message | Best Seller - สร้อยข้อมือเพชร | 12 - 30 June 26,Message | Best Seller - สร้อยข้อมือเพชร | 12 - 30 June 26,2200 | DIA | Message | Best Seller - สร้อยข้อมือเพชร | 12 - 30 June 26  [BKK],45-54,unknown,6,8,,,0,THB,,,0,0.2,1/6/2026,30/6/2026
2200 | Pearl | Message | Pearl with Pride | 1 - 30 June 26,Pearl | Message | Pearl with Pride | 1 - 30 June 26,2200 | Pearl | Message | Pearl with Pride | 1 - 30 June 26 [Other-Province] - Copy,65+,male,3,5,,,0,THB,,,0,0.16000965,1/6/2026,30/6/2026
2200 | Pearl | Message | Pearl with Pride | 1 - 30 June 26,Pearl | Message | Pearl with Pride | 1 - 30 June 26,Draft,35-44,male,2,3,,,0,THB,,,0,0.15,1/6/2026,30/6/2026
2200 | DIA | Message | Pearl with Pride | 1 - 30 June 26,Message  | Pearl with Pride | 1 - 30 June 26,2200 | DIA | Message  | Pearl with Pride | 1 - 30 June 26  [BKK],18-24,unknown,2,9,,,1,THB,,,11.11111111,0.14,1/6/2026,30/6/2026
2200 | DIA | Message | Pearl with Pride | 1 - 30 June 26,Message  | Pearl with Pride | 1 - 30 June 26,2200 | DIA | Message | Pearl with Pride | 1 - 30 June 26 [Other-Province],65+,unknown,1,9,,,0,THB,,,0,0.14,1/6/2026,30/6/2026
2200 | DIA | Message | Pearl with Pride | 1 - 30 June 26,Message  | Pearl with Pride | 1 - 30 June 26,2200 | DIA | Message  | Pearl with Pride | 1 - 30 June 26  [BKK],65+,male,4,5,,,0,THB,,,0,0.13,1/6/2026,30/6/2026
2200 | DIA | Message | Mid Year Deals All in June | 1 - 30 June 26,Message | Mid Year Deals All in June | 1 - 30 June 26,2200 | DIA | Message | Mid Year Deals All in June | 1 - 30 June 26  [BKK],55-64,unknown,1,1,,,0,THB,,,0,0.11000093,1/6/2026,30/6/2026
2200 | Pearl | Message | Pearl with Pride | 1 - 30 June 26,Pearl | Message | Pearl with Pride | 1 - 30 June 26,Draft,18-24,female,3,3,,,0,THB,,,0,0.11,1/6/2026,30/6/2026
2200 | DIA | Message | Love is Sparkle | 1 - 15 June 26,Message | Love is Sparkle | 1 - 15 June 26,2200 | DIA | Message | Love is Sparkle | 1 - 15 June 26 [Other-Province],45-54,unknown,1,1,,,0,THB,,,0,0.09999431,1/6/2026,30/6/2026
2200 | DIA | Message | Mid Year Deals All in June | 1 - 30 June 26,Message | Mid Year Deals All in June | 1 - 30 June 26,2200 | DIA | Message | Mid Year Deals All in June | 1 - 30 June 26 [Other-Province],Unknown,unknown,1,1,,,0,THB,,,0,0.09,1/6/2026,30/6/2026
2200 | Pearl | Message | Pearl with Pride | 1 - 30 June 26,Pearl | Message | Pearl with Pride | 1 - 30 June 26,Draft,55-64,male,1,1,,,0,THB,,,0,0.08,1/6/2026,30/6/2026
2200 | DIA | Message | Love is Sparkle | 1 - 15 June 26,Message | Love is Sparkle | 1 - 15 June 26,2200 | DIA | Message | Love is Sparkle | 1 - 15 June 26 [BKK],65+,unknown,2,2,,,0,THB,,,0,0.08,1/6/2026,30/6/2026
2200 | DIA | Message | Pearl with Pride | 1 - 30 June 26,Message  | Pearl with Pride | 1 - 30 June 26,2200 | DIA | Message  | Pearl with Pride | 1 - 30 June 26  [BKK],55-64,unknown,1,4,,,0,THB,,,0,0.06,1/6/2026,30/6/2026
2200 | DIA | Message | Best Seller - สร้อยข้อมือเพชร | 12 - 30 June 26,Message | Best Seller - สร้อยข้อมือเพชร | 12 - 30 June 26,2200 | DIA | Message | Best Seller - สร้อยข้อมือเพชร | 12 - 30 June 26 [Other-Province],65+,unknown,1,6,,,0,THB,,,0,0.06,1/6/2026,30/6/2026
2200 | DIA | Message | Love is Sparkle | 1 - 15 June 26,Message | Love is Sparkle | 1 - 15 June 26,2200 | DIA | Message | Love is Sparkle | 1 - 15 June 26 [Other-Province],65+,unknown,1,4,,,0,THB,,,0,0.04999716,1/6/2026,30/6/2026
2200 | DIA | Message | Mid Year Deals All in June | 1 - 30 June 26,Message | Mid Year Deals All in June | 1 - 30 June 26,2200 | DIA | Message | Mid Year Deals All in June | 1 - 30 June 26 [Other-Province],65+,unknown,1,6,,,0,THB,,,0,0.04,1/6/2026,30/6/2026
2200 | DIA | Message | Pearl with Pride | 1 - 30 June 26,Message  | Pearl with Pride | 1 - 30 June 26,2200 | DIA | Message  | Pearl with Pride | 1 - 30 June 26  [BKK],65+,unknown,1,3,,,0,THB,,,0,0.03,1/6/2026,30/6/2026
2200 | DIA | Message | Pearl with Pride | 1 - 30 June 26,Message  | Pearl with Pride | 1 - 30 June 26,2200 | DIA | Message | Pearl with Pride | 1 - 30 June 26 [Other-Province],18-24,unknown,1,3,,,0,THB,,,0,0.02,1/6/2026,30/6/2026
2200 | DIA | Message | Best Seller - สร้อยข้อมือเพชร | 12 - 30 June 26,Message | Best Seller - สร้อยข้อมือเพชร | 12 - 30 June 26,2200 | DIA | Message | Best Seller - สร้อยข้อมือเพชร | 12 - 30 June 26  [BKK],65+,unknown,1,2,,,0,THB,,,0,0.02,1/6/2026,30/6/2026
2200 | Pearl | Message | Pearl with Pride | 1 - 30 June 26,Pearl | Message | Pearl with Pride | 1 - 30 June 26,2200 | Pearl | Message | Pearl with Pride | 1 - 30 June 26 [Other-Province] - Copy,18-24,unknown,1,1,,,0,THB,,,0,0.0100006,1/6/2026,30/6/2026
2200 | DIA | Awareness | NEW ARRIVALS | 16 - 30 June 26,Awareness | NEW ARRIVALS | 16 - 30 June 26,2200 | DIA | Awareness | NEW ARRIVALS | 16 - 30 June 26,Unknown,male,1,1,,,0,THB,,,0,0.01000016,1/6/2026,30/6/2026
2200 | DIA | Message | Mid Year Deals All in June | 1 - 30 June 26,Message | Mid Year Deals All in June | 1 - 30 June 26,2200 | DIA | Message | Mid Year Deals All in June | 1 - 30 June 26  [BKK],65+,unknown,1,1,,,0,THB,,,0,0.01000008,1/6/2026,30/6/2026
2200 | DIA | Awareness | Mid Year Deals All in June | 1 - 30 June 26,Awareness | Mid Year Deals All in June | 1 - 30 June 26,2200 | DIA | Awareness | Mid Year Deals All in June | 1 - 30 June 26 [Other-Province],Unknown,female,1,1,,,0,THB,,,0,0.01000007,1/6/2026,30/6/2026
2200 | DIA | Awareness | Mid Year Deals All in June | 1 - 30 June 26,Awareness | Mid Year Deals All in June | 1 - 30 June 26,2200 | DIA | Awareness | Mid Year Deals All in June | 1 - 30 June 26 [Other-Province],Unknown,unknown,1,1,,,0,THB,,,0,0.01000007,1/6/2026,30/6/2026
